Year,Partner ID,Partner Name,Quantity,Unit
2024,0,World,0.01548499999999995,t
2024,842,USA,0.01548499999999995,t
