Year,Partner ID,Partner Name,Quantity,Unit
2020,0,World,0.052895,t
2020,376,Israel,0.052895,t
2022,0,World,0.22619499999999995,t
2022,376,Israel,0.22619499999999995,t
2023,0,World,0.128214,t
2023,376,Israel,0.128214,t
