Year,Partner ID,Partner Name,Quantity,Unit
2020,0,World,8.380815,t
2020,392,Japan,2.78,t
2020,764,Thailand,5.56,t
2020,842,USA,0.040815,t
2021,0,World,1.692805,t
2021,842,USA,1.692805,t
2022,0,World,1.20998,t
2022,842,USA,1.20998,t
2023,0,World,5.05775,t
2023,376,Israel,5.05775,t
2024,0,World,81.92375,t
2024,376,Israel,4.68675,t
2024,380,Italy,11.4705,t
2024,757,Switzerland,13.168,t
2024,826,United Kingdom,52.5985,t
