Year,Partner ID,Partner Name,Quantity,Unit
2020,0,World,0.608937,t
2020,792,Türkiye,0.5412775000000001,t
2020,842,USA,0.0676595,t
2024,0,World,0.050682,t
2024,842,USA,0.050682,t
