Year,Partner ID,Partner Name,Quantity,Unit
2020,0,World,0.003,t
2020,276,Germany,0.003,t
2021,0,World,0.0015,t
2021,276,Germany,0.0015,t
2022,0,World,0.0175,t
2022,251,France,0.015,t
2022,276,Germany,0.0025,t
2023,0,World,2.07622,t
2023,251,France,0.004,t
2023,276,Germany,0.00122,t
2023,380,Italy,2.071,t
2024,0,World,0.675,t
2024,251,France,0.0085,t
2024,380,Italy,0.333,t
2024,442,Luxembourg,0.002,t
2024,616,Poland,0.3315,t
