Year,Partner ID,Partner Name,Quantity,Unit
2020,0,World,0.283,t
2020,276,Germany,0.274,t
2020,826,United Kingdom,0.009,t
2022,0,World,1.5615,t
2022,156,China,1.56,t
2022,699,India,0.0015,t
2023,0,World,4.5842955,t
2023,156,China,1.0374235,t
2023,842,USA,3.546872,t
2024,0,World,741.043,t
2024,156,China,740.998,t
2024,276,Germany,0.001,t
2024,699,India,0.027,t
2024,842,USA,0.017,t
