Year,Partner ID,Partner Name,Quantity,Unit
2024,0,World,4.4999999999999996e-05,t
2024,276,Germany,4.4999999999999996e-05,t
