Year,Partner ID,Partner Name,Quantity,Unit
2020,0,World,1.772345,t
2020,72,Botswana,0.7881,t
2020,839,Special Categories,0.984245,t
2021,0,World,0.00074,t
2021,156,China,0.00074,t
2022,0,World,0.057,t
2022,76,Brazil,0.057,t
2024,0,World,0.001401,t
2024,156,China,0.0005945,t
2024,620,Portugal,0.0008065,t
