Year,Partner ID,Partner Name,Quantity,Unit
2021,0,World,0.056,t
2021,76,Brazil,0.056,t
2022,0,World,12.008566,t
2022,124,Canada,12.0,t
2022,251,France,0.0027755,t
2022,842,USA,0.0057905,t
2023,842,USA,31.3295,t
2023,528,Netherlands,4.2825,t
2023,0,World,42.5815,t
2023,458,Malaysia,6.9695,t
2024,616,Poland,0.002,t
2024,0,World,472.318,t
2024,124,Canada,430.695,t
2024,392,Japan,11.8105,t
2024,458,Malaysia,15.23,t
2024,528,Netherlands,10.1225,t
2024,842,USA,4.458,t
