Year,Partner ID,Partner Name,Quantity,Unit
2020,0,World,0.0361,t
2020,724,Spain,0.00362,t
2020,620,Portugal,0.03248,t
2021,0,World,0.09204000000000001,t
2021,380,Italy,0.0885,t
2021,620,Portugal,4e-05,t
2021,724,Spain,0.0034999999999999996,t
2022,0,World,0.016040000000000002,t
2022,620,Portugal,0.016040000000000002,t
2023,0,World,0.0002,t
2023,620,Portugal,0.0002,t
2024,0,World,0.00054,t
2024,579,Norway,0.00054,t
