Year,Partner ID,Partner Name,Quantity,Unit
2021,0,World,0.064,t
2021,826,United Kingdom,0.064,t
2022,0,World,0.0034000000000000002,t
2022,276,Germany,0.0034000000000000002,t
2023,0,World,0.013080000000000001,t
2023,699,India,0.00308,t
2023,276,Germany,0.01,t
