Year,Partner ID,Partner Name,Quantity,Unit
2020,0,World,6.76328,t
2020,699,India,6.611280000000001,t
2020,156,China,0.122,t
2020,276,Germany,0.03,t
2021,0,World,8.98698,t
2021,203,Czechia,0.054000000000000006,t
2021,699,India,8.84698,t
2021,702,Singapore,0.086,t
2022,0,World,9.514518440000002,t
2022,528,Netherlands,0.00237456,t
2022,699,India,9.4155,t
2022,702,Singapore,0.095,t
2022,757,Switzerland,0.00057386,t
2022,842,USA,0.00107002,t
