Year,Partner ID,Partner Name,Quantity,Unit
2020,0,World,0.04828,t
2020,842,USA,0.04828,t
2021,0,World,0.00776,t
2021,842,USA,0.00776,t
2022,0,World,0.0053,t
2022,842,USA,0.0053,t
2023,0,World,0.010036799999999999,t
2023,124,Canada,0.0012368,t
2023,842,USA,0.0088,t
2024,0,World,0.03316,t
2024,842,USA,0.03316,t
