Year,Partner ID,Partner Name,Quantity,Unit
2021,0,World,0.00985024,t
2021,360,Indonesia,0.00016,t
2021,699,India,0.009690240000000001,t
2022,0,World,0.001032,t
2022,699,India,0.000532,t
2022,620,Portugal,0.00046,t
2022,458,Malaysia,4e-05,t
