Year,Partner ID,Partner Name,Quantity,Unit
2020,0,World,0.0345846,t
2020,842,USA,0.0002346,t
2020,826,United Kingdom,0.03435,t
2022,0,World,0.0,
2022,826,United Kingdom,0.0,
2023,0,World,0.0022578000000000003,t
2023,699,India,6e-05,t
2023,842,USA,0.0021978,t
