Year,Partner ID,Partner Name,Quantity,Unit
2020,0,World,2.39682,t
2020,156,China,2.37682,t
2020,384,Côte d'Ivoire,0.02,t
2021,0,World,2.35248,t
2021,156,China,2.35248,t
2022,0,World,0.41548,t
2022,156,China,0.39548000000000005,t
2022,384,Côte d'Ivoire,0.02,t
