Year,Partner ID,Partner Name,Quantity,Unit
2022,0,World,0.0001638,t
2022,705,Slovenia,0.0001638,t
2023,0,World,4.96979,t
2023,276,Germany,4.82826,t
2023,380,Italy,0.14153000000000002,t
2024,0,World,2.12641012,t
2024,56,Belgium,0.00208612,t
2024,276,Germany,0.924516,t
2024,380,Italy,1.199808,t
