Year,Partner ID,Partner Name,Quantity,Unit
2022,0,World,17222.13465,t
2022,300,Greece,0.00465,t
2022,384,Côte d'Ivoire,10133.925,t
2022,757,Switzerland,7088.204999999999,t
2023,0,World,10288.3242,t
2023,156,China,0.00195,t
2023,300,Greece,0.00225,t
2023,384,Côte d'Ivoire,3238.185,t
2023,757,Switzerland,7050.135,t
