Year,Partner ID,Partner Name,Quantity,Unit
2020,0,World,0.0081645,t
2020,842,USA,0.0081645,t
2022,0,World,0.0081,t
2022,842,USA,0.0081,t
2023,0,World,0.008159999999999999,t
2023,842,USA,0.008159999999999999,t
