Year,Partner ID,Partner Name,Quantity,Unit
2020,0,World,19.08975,t
2020,380,Italy,19.08975,t
2021,0,World,13.687349999999999,t
2021,380,Italy,13.687349999999999,t
2024,0,World,0.0003,t
2024,704,Viet Nam,0.0003,t
