Year,Partner ID,Partner Name,Quantity,Unit
2020,0,World,0.65265,t
2020,156,China,0.105,t
2020,705,Slovenia,0.5475,t
2020,842,USA,0.00015,t
2021,528,Netherlands,0.00015,t
2021,156,China,0.06,t
2021,842,USA,0.00105,t
2021,0,World,0.59985,t
2021,100,Bulgaria,0.53865,t
2022,0,World,0.135,t
2022,100,Bulgaria,0.015,t
2022,156,China,0.12,t
2023,0,World,0.00105,t
2023,620,Portugal,0.00015,t
2023,842,USA,0.0009,t
2024,0,World,0.0032999999999999995,t
2024,842,USA,0.0032999999999999995,t
