Year,Partner ID,Partner Name,Quantity,Unit
2021,0,World,0.24696629999999997,t
2021,792,Türkiye,0.24696629999999997,t
