Year,Partner ID,Partner Name,Quantity,Unit
2023,0,World,0.25331699999999996,t
2023,76,Brazil,0.25282499999999997,t
2023,276,Germany,0.0004919999999999999,t
2024,0,World,1.9173555,t
2024,76,Brazil,1.9023555,t
2024,156,China,0.015,t
