Year,Partner ID,Partner Name,Quantity,Unit
2020,0,World,5.074647000000001,t
2020,276,Germany,1.42400295,t
2020,392,Japan,3.6506441999999995,t
2022,0,World,0.0,
2022,36,Australia,0.0,
2022,56,Belgium,0.0,
2022,276,Germany,0.0,
2022,392,Japan,0.0,
2022,458,Malaysia,0.0,
2022,490,"Other Asia, nes",0.0,
2022,586,Pakistan,0.0,
2023,0,World,0.0,
2023,392,Japan,0.0,
2023,410,Rep. of Korea,0.0,
