Year,Partner ID,Partner Name,Quantity,Unit
2020,0,World,0.000135,t
2020,842,USA,0.000135,t
2022,0,World,5.770428,t
2022,156,China,0.00015,t
2022,400,Jordan,0.288,t
2022,458,Malaysia,3.9919499999999997,t
2022,586,Pakistan,0.0075,t
2022,842,USA,1.4828279999999998,t
2023,0,World,0.0,
2023,842,USA,0.0,
