Year,Partner ID,Partner Name,Quantity,Unit
2020,0,World,0.010799999999999999,t
2020,276,Germany,0.00015,t
2020,528,Netherlands,0.00195,t
2020,608,Philippines,0.005399999999999999,t
2020,842,USA,0.0032999999999999995,t
2022,0,World,0.0003,t
2022,842,USA,0.0003,t
2023,0,World,0.00045,t
2023,699,India,0.0003,t
2023,826,United Kingdom,0.00015,t
2024,0,World,0.0,
2024,842,USA,0.0,
