Year,Partner ID,Partner Name,Quantity,Unit
2021,0,World,0.037574,t
2021,156,China,0.037574,t
2022,0,World,0.1784765,t
2022,156,China,0.1784765,t
2024,0,World,0.0003776186999999812,t
2024,156,China,0.00018974870000000002,t
2024,699,India,0.00018787,t
