Year,Partner ID,Partner Name,Quantity,Unit
2020,0,World,0.18787,t
2020,620,Portugal,0.18787,t
2021,0,World,0.0093935,t
2021,516,Namibia,0.0093935,t
2021,0,World,0.0093935,t
2021,516,Namibia,0.0093935,t
2022,0,World,0.01427812,t
2022,620,Portugal,0.01427812,t
2023,0,World,4.51376462,t
2023,156,China,4.51376462,t
2024,0,World,17.935873752,t
2024,156,China,17.0473238,t
2024,699,India,0.8885499520000001,t
