Year,Partner ID,Partner Name,Quantity,Unit
2020,0,World,0.004227075,t
2020,40,Austria,0.00018787,t
2020,792,Türkiye,0.0038513350000000004,t
2020,826,United Kingdom,0.00018787,t
2021,0,World,3.9302404000000006,t
2021,364,Iran,3.9264829999999997,t
2021,792,Türkiye,0.0037574,t
2021,0,World,3.9302404000000006,t
2021,364,Iran,3.9264829999999997,t
2021,792,Türkiye,0.0037574,t
2022,0,World,1.8787e-05,t
2022,276,Germany,1.8787e-05,t
2024,0,World,0.00845415,t
2024,792,Türkiye,0.00845415,t
