Year,Partner ID,Partner Name,Quantity,Unit
2020,0,World,2.0289960000000002,t
2020,512,Oman,1.8787,t
2020,380,Italy,0.150296,t
2021,0,World,10.55923335,t
2021,156,China,5.11100335,t
2021,784,United Arab Emirates,5.448230000000001,t
2021,0,World,10.55923335,t
2021,156,China,5.11100335,t
2021,784,United Arab Emirates,5.448230000000001,t
2022,0,World,0.93935,t
2022,784,United Arab Emirates,0.93935,t
