Year,Partner ID,Partner Name,Quantity,Unit
2020,0,World,0.16239896114000002,t
2020,156,China,0.16239896114000002,t
2021,0,World,0.05720716648,t
2021,156,China,0.05720716648,t
2021,0,World,0.05720716648,t
2021,156,China,0.05720716648,t
2023,0,World,0.29090147753,t
2023,156,China,0.056580244289999984,t
2023,699,India,0.0034073981900000004,t
2023,784,United Arab Emirates,0.08548066213,t
2023,792,Türkiye,0.14543336079,t
