Year,Partner ID,Partner Name,Quantity,Unit
2020,0,World,0.01202368,t
2020,699,India,0.01202368,t
2021,0,World,0.00976924,t
2021,699,India,0.00976924,t
2021,0,World,0.00976924,t
2021,699,India,0.00976924,t
2022,0,World,0.013620575,t
2022,699,India,0.012117615000000002,t
2022,784,United Arab Emirates,0.00150296,t
2023,0,World,0.0450888,t
2023,699,India,0.0450888,t
