Year,Partner ID,Partner Name,Quantity,Unit
2020,0,World,0.037574,t
2020,620,Portugal,0.037574,t
2021,0,World,0.0018787,t
2021,699,India,0.0018787,t
2021,0,World,0.0018787,t
2021,699,India,0.0018787,t
2022,0,World,0.8281933328400002,t
2022,124,Canada,0.012694188030000001,t
2022,826,United Kingdom,0.8154991448100001,t
