Year,Partner ID,Partner Name,Quantity,Unit
2022,0,World,0.00018787,t
2022,251,France,0.00018787,t
2023,0,World,0.00469675,t
2023,251,France,0.00469675,t
