Year,Partner ID,Partner Name,Quantity,Unit
2021,0,World,0.004508880000000001,t
2021,56,Belgium,0.004508880000000001,t
2021,0,World,0.004508880000000001,t
2021,56,Belgium,0.004508880000000001,t
2022,0,World,0.01390238,t
2022,826,United Kingdom,0.01390238,t
2023,0,World,0.00075148,t
2023,251,France,0.00018787,t
2023,826,United Kingdom,0.0005636100000000001,t
2024,0,World,0.00018787,t
2024,826,United Kingdom,0.00018787,t
