Year,Partner ID,Partner Name,Quantity,Unit
2021,0,World,0.000432101,t
2021,688,Serbia,0.000432101,t
2021,0,World,0.000432101,t
2021,688,Serbia,0.000432101,t
