Year,Partner ID,Partner Name,Quantity,Unit
2022,0,World,0.010168839490000001,t
2022,634,Qatar,0.00260106015,t
2022,784,United Arab Emirates,0.0067930034600000005,t
2022,842,USA,0.0007747758800000001,t
2023,0,World,0.0001709617,t
2023,826,United Kingdom,0.0001709617,t
