Year,Partner ID,Partner Name,Quantity,Unit
2020,0,World,0.0041331399999999996,t
2020,710,South Africa,0.0041331399999999996,t
2021,0,World,0.005130729699999981,t
2021,710,South Africa,0.005130729699999981,t
2021,0,World,0.005130729699999981,t
2021,710,South Africa,0.005130729699999981,t
2023,0,World,0.022070591860000002,t
2023,156,China,0.00027767186,t
2023,710,South Africa,0.021792920000000004,t
