Year,Partner ID,Partner Name,Quantity,Unit
2020,0,World,0.09092908,t
2020,699,India,0.09092908,t
2021,0,World,0.33384499,t
2021,699,India,0.33384499,t
2021,0,World,0.33384499,t
2021,699,India,0.33384499,t
2022,0,World,0.10595868,t
2022,699,India,0.10595868,t
