Year,Partner ID,Partner Name,Quantity,Unit
2021,0,World,0.14559925,t
2021,156,China,0.14559925,t
2022,0,World,0.23671620000000002,t
2022,156,China,0.23671620000000002,t
2023,0,World,0.07101486,t
2023,156,China,0.07101486,t
2024,0,World,0.0469675,t
2024,156,China,0.0469675,t
