Year,Partner ID,Partner Name,Quantity,Unit
2021,0,World,4.88462,t
2021,56,Belgium,4.88462,t
2021,0,World,4.88462,t
2021,56,Belgium,4.88462,t
2024,0,World,13.370332160000002,t
2024,724,Spain,13.370332160000002,t
