Year,Partner ID,Partner Name,Quantity,Unit
2021,0,World,0.011460070000000001,t
2021,699,India,0.00864202,t
2021,710,South Africa,0.00281805,t
2023,0,World,0.0056361,t
2023,710,South Africa,0.0041331399999999996,t
2023,156,China,0.00150296,t
2024,0,World,0.3644678,t
2024,156,China,0.3644678,t
