Year,Partner ID,Partner Name,Quantity,Unit
2020,0,World,0.0017988552499999812,t
2020,156,China,0.0017988552499999812,t
2021,0,World,0.00958099425999998,t
2021,156,China,0.00958099425999998,t
2021,0,World,0.00958099425999998,t
2021,156,China,0.00958099425999998,t
