Year,Partner ID,Partner Name,Quantity,Unit
2020,0,World,0.00150296,t
2020,251,France,0.00131509,t
2020,842,USA,0.00018787,t
2021,0,World,0.00018787,t
2021,251,France,0.00018787,t
2021,0,World,0.00018787,t
2021,251,France,0.00018787,t
2022,0,World,0.0005636100000000001,t
2022,251,France,0.00037574,t
2022,276,Germany,0.00018787,t
2023,0,World,0.00131509,t
2023,699,India,0.00131509,t
