Year,Partner ID,Partner Name,Quantity,Unit
2020,0,World,0.018787,t
2020,156,China,0.018787,t
2022,0,World,0.0005636100000000001,t
2022,699,India,0.0005636100000000001,t
2023,0,World,0.0845415,t
2023,404,Kenya,0.0845415,t
