Year,Partner ID,Partner Name,Quantity,Unit
2022,0,World,0.00017547058,t
2022,156,China,0.00017547058,t
2023,0,World,0.00031881539000000003,t
2023,156,China,0.00031881539000000003,t
