Year,Partner ID,Partner Name,Quantity,Unit
2020,0,World,11.31072556155,t
2020,152,Chile,2.0592148895,t
2020,156,China,9.25151067205,t
2022,0,World,0.80672993682,t
2022,156,China,0.80672993682,t
2023,0,World,0.98450887551,t
2023,156,China,0.8870766754600001,t
2023,724,Spain,0.09743220005000001,t
2024,0,World,2.37543447971,t
2024,124,Canada,0.00840643102,t
2024,152,Chile,0.049647465549999985,t
2024,156,China,2.31444417504,t
2024,699,India,0.0029364081000000006,t
