Year,Partner ID,Partner Name,Quantity,Unit
2022,0,World,0.00037574,t
2022,826,United Kingdom,0.00037574,t
2023,0,World,0.0018787,t
2023,156,China,0.0018787,t
2024,0,World,0.08698381000000001,t
2024,699,India,0.08698381000000001,t
