Year,Partner ID,Partner Name,Quantity,Unit
2023,0,World,0.00093935,t
2023,710,South Africa,0.00093935,t
2024,0,World,0.00093935,t
2024,699,India,0.00093935,t
