Year,Partner ID,Partner Name,Quantity,Unit
2020,0,World,5.1434999999999995,t
2020,120,Cameroon,5.1434999999999995,t
2021,0,World,0.78315,t
2021,120,Cameroon,0.78315,t
2022,0,World,0.528,t
2022,120,Cameroon,0.528,t
2023,0,World,0.096,t
2023,120,Cameroon,0.096,t
