Year,Partner ID,Partner Name,Quantity,Unit
2020,0,World,0.2401575,t
2020,156,China,0.01419,t
2020,724,Spain,0.040397999999999996,t
2020,251,France,0.1855695,t
2021,0,World,0.3540144,t
2021,724,Spain,0.110445,t
2021,251,France,0.24356939999999996,t
2022,0,World,1.95948,t
2022,156,China,3e-05,t
2022,724,Spain,0.03813,t
2022,251,France,1.92132,t
2023,0,World,0.905322,t
2023,724,Spain,0.00336,t
2023,703,Slovakia,0.63,t
2023,251,France,0.271962,t
