Year,Partner ID,Partner Name,Quantity,Unit
2020,0,World,0.01386,t
2020,699,India,0.01386,t
2021,0,World,0.052739999999999995,t
2021,699,India,0.052739999999999995,t
2022,0,World,0.02265,t
2022,699,India,0.01515,t
2022,757,Switzerland,0.0075,t
