Year,Partner ID,Partner Name,Quantity,Unit
2020,0,World,2.2099770899999998,t
2020,376,Israel,2.2099770899999998,t
2021,0,World,3.59240064,t
2021,400,Jordan,0.020081969999999998,t
2021,376,Israel,3.5723186399999998,t
2022,0,World,0.0,
2022,818,Egypt,0.0,
2022,376,Israel,0.0,
2023,0,World,0.0,
2023,792,Türkiye,0.0,
2023,376,Israel,0.0,
