Year,Partner ID,Partner Name,Quantity,Unit
2020,0,World,0.0786,t
2020,842,USA,0.0786,t
2021,0,World,0.13436879999999998,t
2021,842,USA,0.13436879999999998,t
2022,0,World,0.14592689999999997,t
2022,842,USA,0.14592689999999997,t
2023,0,World,0.0747729,t
2023,842,USA,0.0747444,t
2023,124,Canada,2.8499999999999998e-05,t
