Year,Partner ID,Partner Name,Quantity,Unit
2020,0,World,0.012,t
2020,710,South Africa,0.012,t
2021,0,World,0.00303,t
2021,276,Germany,3e-05,t
2021,826,United Kingdom,0.003,t
2022,0,World,0.003165,t
2022,566,Nigeria,0.00016499999999999997,t
2022,784,United Arab Emirates,0.003,t
2023,0,World,0.12,t
2023,699,India,0.12,t
2024,0,World,0.051140099999999994,t
2024,699,India,0.033,t
2024,566,Nigeria,0.0009,t
2024,36,Australia,0.017004,t
2024,894,Zambia,0.0002361,t
