Year,Partner ID,Partner Name,Quantity,Unit
2020,0,World,0.0007764,t
2020,458,Malaysia,0.0007764,t
2023,0,World,0.042749999999999996,t
2023,360,Indonesia,0.0024,t
2023,36,Australia,0.04035,t
