Year,Partner ID,Partner Name,Quantity,Unit
2020,0,World,0.10331969999999999,t
2020,842,USA,0.0067962,t
2020,826,United Kingdom,6e-05,t
2020,251,France,0.09646350000000001,t
