Year,Partner ID,Partner Name,Quantity,Unit
2020,0,World,0.035519999999999996,t
2020,620,Portugal,0.035519999999999996,t
2021,0,World,1.38093,t
2021,562,Niger,0.0009299999999999999,t
2021,620,Portugal,1.38,t
2023,0,World,0.0013499999999999999,t
2023,724,Spain,0.0013499999999999999,t
