Year,Partner ID,Partner Name,Quantity,Unit
2020,0,World,0.018779999999999998,t
2020,36,Australia,0.00035999999999999997,t
2020,710,South Africa,0.01842,t
2021,0,World,0.1695186,t
2021,710,South Africa,0.16780859999999997,t
2021,826,United Kingdom,3e-05,t
2021,834,United Rep. of Tanzania,0.0015,t
2021,842,USA,0.00017999999999999998,t
2022,0,World,0.04035,t
2022,699,India,0.00017999999999999998,t
2022,710,South Africa,0.04017,t
2023,0,World,0.00495,t
2023,710,South Africa,0.00495,t
