Year,Partner ID,Partner Name,Quantity,Unit
2023,0,World,0.9315,t
2023,191,Croatia,0.9315,t
2024,0,World,1.9848719999999997,t
2024,380,Italy,1.9848719999999997,t
