Year,Partner ID,Partner Name,Quantity,Unit
2022,0,World,0.000297756,t
2022,842,USA,0.000297756,t
2023,0,World,0.000297756,t
2023,842,USA,0.000297756,t
