Year,Partner ID,Partner Name,Quantity,Unit
2020,0,World,1.1579400000000001e-05,t
2020,528,Netherlands,1.1579400000000001e-05,t
2022,0,World,0.0041355,t
2022,792,Türkiye,0.0041355,t
2023,0,World,0.3308830092,t
2023,56,Belgium,0.33084,t
2023,276,Germany,4.30092e-05,t
2024,0,World,0.5128020000000001,t
2024,56,Belgium,0.33084,t
2024,276,Germany,0.16542,t
2024,643,Russian Federation,0.016542,t
