Year,Partner ID,Partner Name,Quantity,Unit
2020,0,World,0.005789700000000001,t
2020,156,China,0.005789700000000001,t
2021,0,World,0.013729860000000002,t
2021,156,China,0.013729860000000002,t
2022,0,World,0.021504600000000002,t
2022,156,China,0.021504600000000002,t
2023,0,World,13.406463900000002,t
2023,156,China,0.1728639,t
2023,643,Russian Federation,13.233600000000001,t
