Year,Partner ID,Partner Name,Quantity,Unit
2020,0,World,0.005293440000000001,t
2020,826,United Kingdom,0.005293440000000001,t
2021,0,World,0.00409976928,t
2021,826,United Kingdom,0.00409976928,t
2022,0,World,0.00016542000000000003,t
2022,276,Germany,0.00016542000000000003,t
2023,0,World,0.0034738200000000003,t
2023,56,Belgium,0.00016542000000000003,t
2023,826,United Kingdom,0.0033084000000000004,t
