Year,Partner ID,Partner Name,Quantity,Unit
2020,0,World,0.0001505322,t
2020,842,USA,0.0001505322,t
2021,0,World,0.0006186708,t
2021,372,Ireland,0.00016542000000000003,t
2021,842,USA,0.0004532508,t
2023,0,World,0.00026467200000000003,t
2023,842,USA,0.00026467200000000003,t
