Year,Partner ID,Partner Name,Quantity,Unit
2023,0,World,0.00016442748000000004,t
2023,842,USA,0.00016442748000000004,t
2024,0,World,0.0024640963200000003,t
2024,156,China,0.0024640963200000003,t
