Year,Partner ID,Partner Name,Quantity,Unit
2021,0,World,0.005027279219999984,t
2021,842,USA,0.005027279219999984,t
2022,0,World,0.0038266608600000004,t
2022,842,USA,0.0038266608600000004,t
2023,0,World,0.03751659432,t
2023,842,USA,0.03751659432,t
