Year,Partner ID,Partner Name,Quantity,Unit
2020,0,World,2.2195842208200003,t
2020,156,China,0.08076664584000001,t
2020,842,USA,2.13881740956,t
2023,0,World,9.69791292,t
2023,156,China,7.728918660000001,t
2023,842,USA,1.96899426,t
