Year,Partner ID,Partner Name,Quantity,Unit
2021,0,World,8.271000000000001e-05,t
2021,699,India,8.271000000000001e-05,t
2022,0,World,0.00355653,t
2022,414,Kuwait,0.0033084000000000004,t
2022,699,India,0.00024813,t
