Year,Partner ID,Partner Name,Quantity,Unit
2020,0,World,0.00011579400000000001,t
2020,842,USA,0.00011579400000000001,t
