Year,Partner ID,Partner Name,Quantity,Unit
2021,0,World,0.00033084000000000005,t
2021,780,Trinidad and Tobago,0.00033084000000000005,t
2022,0,World,0.00033084000000000005,t
2022,780,Trinidad and Tobago,0.00033084000000000005,t
