Year,Partner ID,Partner Name,Quantity,Unit
2021,0,World,8.271000000000001e-05,t
2021,842,USA,8.271000000000001e-05,t
2023,0,World,0.00011910239999998347,t
2023,152,Chile,1.6542000000000002e-05,t
2023,643,Russian Federation,8.271000000000001e-05,t
2023,842,USA,1.9850399999983458e-05,t
2024,0,World,0.0,
2024,643,Russian Federation,0.0028121400000000003,t
2024,842,USA,0.0,
