Year,Partner ID,Partner Name,Quantity,Unit
2021,0,World,0.7096518,t
2021,643,Russian Federation,0.645138,t
2021,699,India,0.06451380000000001,t
2022,0,World,0.062197920000000004,t
2022,699,India,0.062197920000000004,t
2023,0,World,9.129198960000002,t
2023,156,China,9.129198960000002,t
2024,0,World,0.00595512,t
2024,699,India,0.0024813,t
2024,826,United Kingdom,0.0034738200000000003,t
