Year,Partner ID,Partner Name,Quantity,Unit
2024,0,World,3.3084000000000004e-05,t
2024,32,Argentina,1.6542000000000002e-05,t
2024,842,USA,1.6542000000000002e-05,t
