Year,Partner ID,Partner Name,Quantity,Unit
2023,0,World,0.017663547600000003,t
2023,344,"China, Hong Kong SAR",0.00033084000000000005,t
2023,842,USA,0.0173327076,t
