Year,Partner ID,Partner Name,Quantity,Unit
2020,0,World,0.9925200000000001,t
2020,152,Chile,0.9925200000000001,t
2022,0,World,2.1504600000000003,t
2022,643,Russian Federation,1.15794,t
2022,699,India,0.9925200000000001,t
