Year,Partner ID,Partner Name,Quantity,Unit
2020,0,World,100.1837910096,t
2020,152,Chile,93.11541426000001,t
2020,156,China,6.797867243220001,t
2020,276,Germany,0.00030701952000000005,t
2020,490,"Other Asia, nes",0.00016542000000000003,t
2020,616,Poland,0.08271,t
2020,724,Spain,0.00099252,t
2020,757,Switzerland,0.0049626,t
2020,826,United Kingdom,0.17895516066000006,t
2020,842,USA,0.0024167862000000003,t
