Year,Partner ID,Partner Name,Quantity,Unit
2020,0,World,0.115794,t
2020,76,Brazil,0.115794,t
2022,0,World,0.026877441599999986,t
2022,156,China,0.026209806480000004,t
2022,842,USA,0.00066763512,t
2023,0,World,0.0010457852400000002,t
2023,251,France,0.0010457852400000002,t
2024,0,World,2.2175621267400003,t
2024,152,Chile,2.2175621267400003,t
