Year,Partner ID,Partner Name,Quantity,Unit
2020,0,World,7.591123800000001,t
2020,156,China,0.14722380000000002,t
2020,699,India,2.679804,t
2020,784,United Arab Emirates,4.764096,t
2023,0,World,0.00363924,t
2023,699,India,0.00363924,t
