Year,Partner ID,Partner Name,Quantity,Unit
2020,0,World,0.020512080000000002,t
2020,818,Egypt,0.020512080000000002,t
