Year,Partner ID,Partner Name,Quantity,Unit
2023,0,World,3.6723240000000004e-05,t
2023,842,USA,3.6723240000000004e-05,t
