Year,Partner ID,Partner Name,Quantity,Unit
2020,0,World,0.056999999999999995,t
2020,156,China,0.056999999999999995,t
2023,0,World,1.0434,t
2023,156,China,1.0434,t
2024,0,World,0.17039999999999997,t
2024,156,China,0.17039999999999997,t
