Year,Partner ID,Partner Name,Quantity,Unit
2023,0,World,35.4693,t
2023,392,Japan,1.2936,t
2023,826,United Kingdom,32.8533,t
2023,842,USA,1.3224,t
2024,0,World,21.289199999999997,t
2024,392,Japan,1.6145999999999998,t
2024,826,United Kingdom,13.361399999999998,t
2024,842,USA,6.3132,t
