Year,Partner ID,Partner Name,Quantity,Unit
2020,0,World,0.1626,t
2020,842,USA,0.1626,t
2021,0,World,9.240599999999999,t
2021,826,United Kingdom,0.834,t
2021,842,USA,8.4066,t
2022,0,World,4.385999999999999,t
2022,826,United Kingdom,4.3098,t
2022,842,USA,0.0762,t
2023,0,World,16.6398,t
2023,826,United Kingdom,16.6398,t
2024,0,World,5.394,t
2024,826,United Kingdom,5.2908,t
2024,842,USA,0.10319999999999999,t
