Year,Partner ID,Partner Name,Quantity,Unit
2021,0,World,3.6719999999999997,t
2021,112,Belarus,3.6719999999999997,t
