Year,Partner ID,Partner Name,Quantity,Unit
2024,0,World,15.330599999999999,t
2024,392,Japan,15.195599999999999,t
2024,410,Rep. of Korea,0.135,t
