Year,Partner ID,Partner Name,Quantity,Unit
2020,0,World,1.05,t
2020,504,Morocco,1.05,t
2021,0,World,3.2778,t
2021,392,Japan,0.6,t
2021,490,"Other Asia, nes",0.2778,t
2021,504,Morocco,2.4,t
2022,0,World,0.8999999999999999,t
2022,504,Morocco,0.8999999999999999,t
2023,0,World,0.6005999999999999,t
2023,458,Malaysia,0.0006,t
2023,504,Morocco,0.6,t
2024,0,World,0.9005999999999998,t
2024,458,Malaysia,0.0006,t
2024,504,Morocco,0.8999999999999999,t
