Year,Partner ID,Partner Name,Quantity,Unit
2022,0,World,97.78320000000001,t
2022,528,Netherlands,97.78320000000001,t
2023,0,World,6.296399999999999,t
2023,842,USA,6.296399999999999,t
2024,0,World,0.1608,t
2024,616,Poland,0.0024,t
2024,842,USA,0.1584,t
