Year,Partner ID,Partner Name,Quantity,Unit
2020,0,World,0.001266,t
2020,842,USA,0.001266,t
2022,0,World,1.23222,t
2022,380,Italy,0.0016200000000000001,t
2022,699,India,1.2306000000000001,t
