Year,Partner ID,Partner Name,Quantity,Unit
2020,0,World,1.0817999999999999,t
2020,276,Germany,1.0817999999999999,t
2021,0,World,0.5142,t
2021,826,United Kingdom,0.5142,t
2022,0,World,6.3389999999999995,t
2022,276,Germany,5.7306,t
2022,699,India,0.0006,t
2022,826,United Kingdom,0.6077999999999999,t
2023,0,World,14.5368,t
2023,40,Austria,0.6,t
2023,276,Germany,13.9362,t
2023,826,United Kingdom,0.0006,t
2024,0,World,16.6194,t
2024,276,Germany,16.3194,t
2024,724,Spain,0.3,t
