Year,Partner ID,Partner Name,Quantity,Unit
2021,0,World,0.006884999999999985,t
2021,156,China,0.0039,t
2021,410,Rep. of Korea,0.001215,t
2021,604,Peru,0.0017699999999999999,t
2022,0,World,2.06025,t
2022,36,Australia,0.00015,t
2022,156,China,0.00015,t
2022,170,Colombia,2.05995,t
2024,0,World,0.00105,t
2024,410,Rep. of Korea,0.00015,t
2024,842,USA,0.0009,t
