Year,Partner ID,Partner Name,Quantity,Unit
2020,0,World,0.18375,t
2020,826,United Kingdom,0.18375,t
2021,0,World,0.1275,t
2021,276,Germany,0.105,t
2021,703,Slovakia,0.0225,t
2022,0,World,3.9074999999999998,t
2022,528,Netherlands,3.7575,t
2022,752,Sweden,0.15,t
2023,0,World,46.611,t
2023,56,Belgium,45.0,t
2023,276,Germany,1.2997499999999997,t
2023,528,Netherlands,0.16124999999999998,t
2023,752,Sweden,0.15,t
2024,0,World,0.39749999999999996,t
2024,251,France,0.0075,t
2024,528,Netherlands,0.39,t
