Year,Partner ID,Partner Name,Quantity,Unit
2021,0,World,0.003767699999999985,t
2021,180,Dem. Rep. of the Congo,0.003767699999999985,t
