Year,Partner ID,Partner Name,Quantity,Unit
2021,0,World,0.0075945,t
2021,251,France,0.0075945,t
2022,0,World,0.00045,t
2022,392,Japan,0.00045,t
2024,0,World,0.00015,t
2024,56,Belgium,0.00015,t
