Year,Partner ID,Partner Name,Quantity,Unit
2022,0,World,0.00045,t
2022,276,Germany,0.00045,t
2023,0,World,0.00015,t
2023,392,Japan,0.00015,t
2024,0,World,0.00015,t
2024,842,USA,0.00015,t
