Year,Partner ID,Partner Name,Quantity,Unit
2022,0,World,2.34,t
2022,834,United Rep. of Tanzania,2.34,t
2023,0,World,0.31258935,t
2023,156,China,0.24,t
2023,458,Malaysia,0.036,t
2023,842,USA,0.03658935,t
2024,0,World,1.3019999999999998,t
2024,156,China,0.24,t
2024,710,South Africa,1.062,t
