Year,Partner ID,Partner Name,Quantity,Unit
2020,0,World,1.42515,t
2020,276,Germany,0.00015,t
2020,616,Poland,1.425,t
2022,0,World,0.02265,t
2022,124,Canada,0.00015,t
2022,156,China,0.0225,t
2023,0,World,0.033299999999999996,t
2023,372,Ireland,0.033299999999999996,t
2024,0,World,0.25005,t
2024,372,Ireland,0.0013499999999999999,t
2024,392,Japan,0.15,t
2024,528,Netherlands,0.09765,t
2024,826,United Kingdom,0.00105,t
