Year,Partner ID,Partner Name,Quantity,Unit
2022,0,World,0.0030495,t
2022,40,Austria,0.00075,t
2022,826,United Kingdom,0.002299499999999925,t
2023,0,World,0.000456,t
2023,616,Poland,0.000456,t
2024,0,World,0.8382442500000001,t
2024,276,Germany,0.75,t
2024,392,Japan,0.0022500000000000003,t
2024,490,"Other Asia, nes",0.0855,t
2024,616,Poland,0.00049425,t
