Year,Partner ID,Partner Name,Quantity,Unit
2021,0,World,0.03,t
2021,516,Namibia,0.03,t
2022,0,World,0.14250000000000002,t
2022,251,France,0.037500000000000006,t
2022,516,Namibia,0.10500000000000001,t
2023,0,World,0.26249999999999996,t
2023,516,Namibia,0.26249999999999996,t
