Year,Partner ID,Partner Name,Quantity,Unit
2021,0,World,0.0225,t
2021,222,El Salvador,0.0195,t
2021,591,Panama,0.0022500000000000003,t
2021,842,USA,0.00075,t
2023,0,World,0.00075,t
2023,842,USA,0.00075,t
2024,0,World,0.0015,t
2024,842,USA,0.0015,t
