Year,Partner ID,Partner Name,Quantity,Unit
2022,0,World,0.0034012499999999998,t
2022,276,Germany,0.0015,t
2022,458,Malaysia,0.00075,t
2022,842,USA,0.00115125,t
2023,0,World,0.0022500000000000003,t
2023,458,Malaysia,0.0015,t
2023,826,United Kingdom,0.00075,t
2024,0,World,0.0011775,t
2024,458,Malaysia,0.0011775,t
