Year,Partner ID,Partner Name,Quantity,Unit
2021,0,World,0.0022500000000000003,t
2021,156,China,0.0022500000000000003,t
2022,0,World,0.00525,t
2022,156,China,0.00525,t
2023,0,World,0.05399999999999999,t
2023,156,China,0.0045000000000000005,t
2023,392,Japan,0.0495,t
2024,0,World,0.0675,t
2024,156,China,0.0675,t
