Year,Partner ID,Partner Name,Quantity,Unit
2020,0,World,0.9157500000000001,t
2020,276,Germany,0.9157500000000001,t
2024,0,World,0.00075,t
2024,156,China,0.00075,t
