Year,Partner ID,Partner Name,Quantity,Unit
2023,0,World,0.00075,t
2023,398,Kazakhstan,0.00075,t
2024,0,World,15.450000000000001,t
2024,643,Russian Federation,15.450000000000001,t
