Year,Partner ID,Partner Name,Quantity,Unit
2020,0,World,0.0006802500000000001,t
2020,842,USA,0.0006802500000000001,t
2023,0,World,0.003401999999999925,t
2023,842,USA,0.003401999999999925,t
