Year,Partner ID,Partner Name,Quantity,Unit
2023,0,World,0.009000000000000001,t
2023,842,USA,0.009000000000000001,t
