Year,Partner ID,Partner Name,Quantity,Unit
2022,0,World,0.15075,t
2022,156,China,0.15075,t
2023,0,World,0.21495000000000003,t
2023,276,Germany,0.21495000000000003,t
