Year,Partner ID,Partner Name,Quantity,Unit
2020,0,World,0.32267250000000003,t
2020,392,Japan,0.00528,t
2020,410,Rep. of Korea,0.00075,t
2020,490,"Other Asia, nes",0.315,t
2020,702,Singapore,0.0016425,t
2022,0,World,0.00012000000000000002,t
2022,392,Japan,0.00012000000000000002,t
2023,0,World,0.00030000000000000003,t
2023,699,India,0.00030000000000000003,t
2024,0,World,2.7493499999999997,t
2024,156,China,2.74575,t
2024,392,Japan,0.0036,t
