Year,Partner ID,Partner Name,Quantity,Unit
2022,0,World,0.021750000000000002,t
2022,620,Portugal,0.021750000000000002,t
