Year,Partner ID,Partner Name,Quantity,Unit
2020,0,World,0.027460499999999922,t
2020,826,United Kingdom,0.018750000000000003,t
2020,842,USA,0.0087105,t
2021,0,World,0.096,t
2021,826,United Kingdom,0.09375,t
2021,842,USA,0.0022500000000000003,t
2022,0,World,0.018750000000000003,t
2022,826,United Kingdom,0.018750000000000003,t
2023,0,World,0.056249999999999994,t
2023,156,China,0.056249999999999994,t
2024,0,World,0.00075,t
2024,702,Singapore,0.00075,t
