Year,Partner ID,Partner Name,Quantity,Unit
2020,0,World,0.02325,t
2020,276,Germany,0.02325,t
2021,0,World,0.0015119999999999999,t
2021,40,Austria,1.2e-05,t
2021,276,Germany,0.0015,t
2022,0,World,0.012750000000000001,t
2022,251,France,0.003,t
2022,360,Indonesia,0.00975,t
2023,0,World,0.006749999999999999,t
2023,276,Germany,0.006749999999999999,t
2024,0,World,0.0022500000000000003,t
2024,208,Denmark,0.0015,t
2024,246,Finland,0.00075,t
