Year,Partner ID,Partner Name,Quantity,Unit
2020,0,World,11.541,t
2020,124,Canada,0.1875,t
2020,276,Germany,11.3535,t
2022,0,World,0.24675000000000002,t
2022,251,France,0.246,t
2022,842,USA,0.00075,t
2023,0,World,0.9220875000000002,t
2023,682,Saudi Arabia,0.02475,t
2023,826,United Kingdom,0.12375,t
2023,842,USA,0.7735875,t
