Year,Partner ID,Partner Name,Quantity,Unit
2020,0,World,67.2,t
2020,56,Belgium,14.7,t
2020,156,China,52.5,t
2021,0,World,37.199999999999996,t
2021,56,Belgium,6.8999999999999995,t
2021,156,China,30.0,t
2021,616,Poland,0.3,t
2022,616,Poland,0.3,t
2022,156,China,82.5,t
2022,56,Belgium,13.800299999999998,t
2022,0,World,96.60029999999999,t
2023,0,World,14.4375,t
2023,56,Belgium,13.799999999999999,t
2023,380,Italy,0.0375,t
2023,616,Poland,0.6,t
2024,0,World,20.7,t
2024,56,Belgium,20.7,t
