Year,Partner ID,Partner Name,Quantity,Unit
2020,0,World,0.006,t
2020,392,Japan,0.006,t
2023,0,World,8.4,t
2023,156,China,8.4,t
2024,0,World,0.12644999999999998,t
2024,156,China,0.12644999999999998,t
