Year,Partner ID,Partner Name,Quantity,Unit
2020,0,World,35.509499999999996,t
2020,699,India,35.509499999999996,t
2021,0,World,34.607652,t
2021,40,Austria,0.0026520000000000003,t
2021,156,China,1.5,t
2021,699,India,33.105,t
2022,0,World,11.7,t
2022,699,India,11.7,t
2023,0,World,45.606080999999996,t
2023,276,Germany,8.1e-05,t
2023,404,Kenya,39.906,t
2023,699,India,5.7,t
2024,0,World,0.0003,t
2024,842,USA,0.0003,t
