Year,Partner ID,Partner Name,Quantity,Unit
2020,0,World,0.5382,t
2020,276,Germany,0.00012,t
2020,380,Italy,0.53808,t
2022,0,World,0.03801,t
2022,40,Austria,0.00020999999999999998,t
2022,380,Italy,0.0378,t
2023,0,World,2.28,t
2023,56,Belgium,2.25,t
2023,380,Italy,0.03,t
2024,0,World,0.12539999999999998,t
2024,380,Italy,0.12539999999999998,t
