Year,Partner ID,Partner Name,Quantity,Unit
2020,0,World,0.5546099999999999,t
2020,842,USA,0.5546099999999999,t
2021,0,World,0.40923299999999996,t
2021,842,USA,0.40923299999999996,t
2023,0,World,0.062097,t
2023,842,USA,0.062097,t
