Year,Partner ID,Partner Name,Quantity,Unit
2022,0,World,0.08879999999999999,t
2022,699,India,0.08879999999999999,t
