Year,Partner ID,Partner Name,Quantity,Unit
2020,0,World,15804.723608699998,t
2020,266,Gabon,15766.1308146,t
2020,842,USA,38.5927941,t
2021,0,World,10080.857399999999,t
2021,266,Gabon,10080.857399999999,t
2023,0,World,35495.4891,t
2023,266,Gabon,35481.5859,t
2023,724,Spain,4.3233,t
2023,842,USA,9.5799,t
