Year,Partner ID,Partner Name,Quantity,Unit
2022,0,World,0.0,
2022,156,China,0.0,
2024,0,World,0.34349999999999997,t
2024,710,South Africa,0.34349999999999997,t
