Year,Partner ID,Partner Name,Quantity,Unit
2021,0,World,3.1673999999999998,t
2021,156,China,0.9024,t
2021,699,India,2.2649999999999997,t
2022,0,World,2.925,t
2022,156,China,1.2,t
2022,699,India,1.7249999999999999,t
