Year,Partner ID,Partner Name,Quantity,Unit
2020,0,World,364.89599999999996,t
2020,504,Morocco,364.89599999999996,t
2021,0,World,456.12,t
2021,504,Morocco,456.12,t
2022,0,World,0.2883,t
2022,156,China,0.2883,t
