Year,Partner ID,Partner Name,Quantity,Unit
2022,0,World,0.5200143,t
2022,156,China,0.5200143,t
2023,0,World,0.0,
2023,156,China,0.0,
2024,0,World,3.4886691,t
2024,76,Brazil,3.4886691,t
