Year,Partner ID,Partner Name,Quantity,Unit
2020,0,World,7.5,t
2020,56,Belgium,7.5,t
2021,0,World,14.52,t
2021,56,Belgium,14.399999999999999,t
2021,76,Brazil,0.12,t
2022,0,World,7.199999999999999,t
2022,56,Belgium,7.199999999999999,t
2023,0,World,7.59,t
2023,56,Belgium,7.199999999999999,t
2023,76,Brazil,0.09,t
2023,380,Italy,0.3,t
2024,0,World,7.358667,t
2024,56,Belgium,7.199999999999999,t
2024,76,Brazil,0.15836699999999998,t
2024,276,Germany,0.0003,t
