Year,Partner ID,Partner Name,Quantity,Unit
2022,0,World,1.065,t
2022,710,South Africa,1.065,t
2024,0,World,197.37599999999998,t
2024,710,South Africa,1.7999999999999998,t
2024,156,China,0.09,t
2024,894,Zambia,195.486,t
