Year,Partner ID,Partner Name,Quantity,Unit
2020,0,World,1092.4925999999998,t
2020,76,Brazil,1092.258,t
2020,699,India,0.2346,t
2022,0,World,46.325700000000005,t
2022,32,Argentina,0.0032999999999999995,t
2022,76,Brazil,0.009,t
2022,156,China,46.3131,t
2022,757,Switzerland,0.0003,t
2023,0,World,124.541625,t
2023,76,Brazil,0.991335,t
2023,156,China,21.403499999999998,t
2023,484,Mexico,90.0,t
2023,512,Oman,12.141,t
2023,826,United Kingdom,0.0024,t
2023,842,USA,0.00339,t
