Year,Partner ID,Partner Name,Quantity,Unit
2020,0,World,5.402399999999999,t
2020,699,India,5.402399999999999,t
2024,0,World,0.0003,t
2024,682,Saudi Arabia,0.0003,t
