Year,Partner ID,Partner Name,Quantity,Unit
2020,0,World,230.64432779999999,t
2020,156,China,0.04723739999999999,t
2020,484,Mexico,230.5970907,t
2022,0,World,2169.0236613,t
2022,251,France,1900.7963141999999,t
2022,484,Mexico,268.2273471,t
2023,0,World,0.0,
2023,36,Australia,0.0,
2023,76,Brazil,0.0,
2023,484,Mexico,0.0,
2023,724,Spain,0.0,
2023,729,Sudan,0.0,
2024,0,World,77.3876403,t
2024,484,Mexico,77.3876403,t
