Year,Partner ID,Partner Name,Quantity,Unit
2020,0,World,5749.320000000001,t
2020,156,China,216.0,t
2020,268,Georgia,1384.6499999999999,t
2020,398,Kazakhstan,4148.67,t
2022,0,World,1608.903,t
2022,268,Georgia,186.195,t
2022,398,Kazakhstan,1422.7079999999999,t
2023,0,World,1084.134,t
2023,156,China,918.0,t
2023,268,Georgia,83.33399999999999,t
2023,398,Kazakhstan,82.8,t
2024,0,World,218.7,t
2024,156,China,218.7,t
