Year,Partner ID,Partner Name,Quantity,Unit
2024,0,World,0.7908000000000001,t
2024,222,El Salvador,0.7908000000000001,t
