Year,Partner ID,Partner Name,Quantity,Unit
2024,0,World,664.7099999999999,t
2024,156,China,628.7099999999999,t
2024,702,Singapore,36.0,t
