Year,Partner ID,Partner Name,Quantity,Unit
2020,0,World,0.3841584,t
2020,276,Germany,0.10975979999999994,t
2020,392,Japan,0.2743992,t
2021,0,World,0.427026,t
2021,276,Germany,0.09232979999999999,t
2021,392,Japan,0.3231546,t
2021,842,USA,0.011541,t
2022,0,World,0.9053831999999999,t
2022,392,Japan,0.9053831999999999,t
2023,0,World,0.427296,t
2023,392,Japan,0.427296,t
2024,0,World,0.0296652,t
2024,372,Ireland,0.0296652,t
