Year,Partner ID,Partner Name,Quantity,Unit
2022,0,World,0.052199999999999996,t
2022,233,Estonia,0.052199999999999996,t
2023,0,World,0.015,t
2023,208,Denmark,0.015,t
