Year,Partner ID,Partner Name,Quantity,Unit
2020,0,World,14.435417999999999,t
2020,643,Russian Federation,14.435417999999999,t
2021,0,World,7.461011999999999,t
2021,643,Russian Federation,7.461011999999999,t
2022,0,World,0.0,
2022,428,Latvia,0.0,
2022,643,Russian Federation,8.56722,t
2023,0,World,0.069,t
2023,643,Russian Federation,0.069,t
2024,0,World,0.0030059999999999996,t
2024,276,Germany,0.003,t
2024,428,Latvia,6e-06,t
