Year,Partner ID,Partner Name,Quantity,Unit
2023,0,World,0.013241999999999999,t
2023,710,South Africa,0.013241999999999999,t
2024,0,World,0.143418,t
2024,710,South Africa,0.143418,t
