Year,Partner ID,Partner Name,Quantity,Unit
2021,0,World,802.6902,t
2021,156,China,802.6902,t
2022,0,World,879.8648976,t
2022,156,China,879.8648976,t
2023,0,World,2460.7212,t
2023,156,China,1731.6,t
2023,458,Malaysia,331.6212,t
2023,764,Thailand,397.5,t
2024,0,World,4615.3812,t
2024,116,Cambodia,238.5,t
2024,156,China,4149.9,t
2024,360,Indonesia,95.39999999999999,t
2024,458,Malaysia,83.88119999999999,t
2024,764,Thailand,47.699999999999996,t
