Year,Partner ID,Partner Name,Quantity,Unit
2020,0,World,0.015,t
2020,76,Brazil,0.015,t
2021,0,World,0.11399999999999999,t
2021,76,Brazil,0.09,t
2021,724,Spain,0.024,t
2022,0,World,0.4596,t
2022,120,Cameroon,0.12,t
2022,724,Spain,0.33959999999999996,t
2023,0,World,0.0078,t
2023,724,Spain,0.0078,t
2024,0,World,0.186,t
2024,276,Germany,0.15,t
2024,724,Spain,0.036,t
