Year,Partner ID,Partner Name,Quantity,Unit
2023,0,World,0.005399999999999999,t
2023,694,Sierra Leone,0.005399999999999999,t
