Year,Partner ID,Partner Name,Quantity,Unit
2020,0,World,0.6612,t
2020,56,Belgium,0.6,t
2020,842,USA,0.06119999999999999,t
2021,0,World,0.006599999999999999,t
2021,32,Argentina,0.006,t
2021,842,USA,0.0006,t
2023,0,World,0.009,t
2023,430,Liberia,0.006,t
2023,842,USA,0.003,t
2024,0,World,4.8042,t
2024,508,Mozambique,0.003,t
2024,842,USA,4.801200000000001,t
