Year,Partner ID,Partner Name,Quantity,Unit
2020,0,World,0.117124,t
2020,643,Russian Federation,0.117124,t
2021,0,World,0.315182,t
2021,276,Germany,0.0052640000000000004,t
2021,643,Russian Federation,0.30991799999999997,t
