Year,Partner ID,Partner Name,Quantity,Unit
2020,0,World,0.006770819999999967,t
2020,276,Germany,0.00459942,t
2020,826,United Kingdom,0.0021714,t
2021,0,World,0.025375769999999968,t
2021,699,India,0.025375769999999968,t
2023,0,World,0.00014147,t
2023,699,India,0.00014147,t
2024,0,World,0.013818000000000002,t
2024,156,China,0.006580000000000001,t
2024,699,India,0.007238,t
