Year,Partner ID,Partner Name,Quantity,Unit
2020,0,World,0.016450000000000003,t
2020,724,Spain,0.016450000000000003,t
2022,0,World,0.017437,t
2022,724,Spain,0.017437,t
