Year,Partner ID,Partner Name,Quantity,Unit
2020,0,World,0.4574350200000001,t
2020,156,China,0.17404100000000003,t
2020,724,Spain,0.28339402,t
2022,0,World,0.31255,t
2022,156,China,0.024675,t
2022,724,Spain,0.287875,t
2023,0,World,0.0,
2023,156,China,0.0,
2023,842,USA,0.0,
2024,0,World,0.49279923,t
2024,156,China,0.49264460000000004,t
2024,842,USA,0.00015463,t
