Year,Partner ID,Partner Name,Quantity,Unit
2021,0,World,0.006580000000000001,t
2021,842,USA,0.006580000000000001,t
2023,0,World,0.099029,t
2023,156,China,0.0987,t
2023,842,USA,0.00032900000000000003,t
