Year,Partner ID,Partner Name,Quantity,Unit
2020,0,World,0.55272,t
2020,484,Mexico,0.5523910000000001,t
2020,842,USA,0.00032900000000000003,t
2021,0,World,1.0027920000000001,t
2021,484,Mexico,1.0027920000000001,t
2023,0,World,7.238,t
2023,156,China,7.238,t
2024,0,World,0.035532,t
2024,246,Finland,0.019082000000000002,t
2024,380,Italy,0.016450000000000003,t
