Year,Partner ID,Partner Name,Quantity,Unit
2020,0,World,0.033887,t
2020,246,Finland,0.0006580000000000001,t
2020,826,United Kingdom,0.033229,t
2022,0,World,0.043489523,t
2022,208,Denmark,0.000987,t
2022,246,Finland,0.011844,t
2022,826,United Kingdom,0.030658522999999965,t
2023,0,World,0.007896,t
2023,246,Finland,0.007896,t
2024,0,World,0.000987,t
2024,156,China,0.00032900000000000003,t
2024,826,United Kingdom,0.0006580000000000001,t
