Year,Partner ID,Partner Name,Quantity,Unit
2020,0,World,0.08422400000000001,t
2020,699,India,0.049679,t
2020,784,United Arab Emirates,0.034545,t
2023,0,World,0.0016450000000000002,t
2023,699,India,0.0016450000000000002,t
