Year,Partner ID,Partner Name,Quantity,Unit
2020,0,World,0.082579,t
2020,56,Belgium,0.00032900000000000003,t
2020,276,Germany,0.08225,t
2021,0,World,0.0013160000000000001,t
2021,276,Germany,0.000987,t
2021,568,"Other Europe, nes",0.00032900000000000003,t
2023,0,World,0.00032900000000000003,t
2023,568,"Other Europe, nes",0.00032900000000000003,t
2024,0,World,0.0,
2024,56,Belgium,0.025662,t
2024,440,Lithuania,0.0,
2024,724,Spain,0.0007896,t
2024,826,United Kingdom,0.000987,t
