Year,Partner ID,Partner Name,Quantity,Unit
2022,0,World,0.0017766000000000001,t
2022,40,Austria,0.0017766000000000001,t
