Year,Partner ID,Partner Name,Quantity,Unit
2022,0,World,0.004935,t
2022,699,India,0.004935,t
2023,0,World,0.014805,t
2023,784,United Arab Emirates,0.014805,t
2024,0,World,0.0016450000000000002,t
2024,764,Thailand,0.0016450000000000002,t
