Year,Partner ID,Partner Name,Quantity,Unit
2021,0,World,0.007896,t
2021,384,Côte d'Ivoire,0.007896,t
2022,0,World,0.026320000000000003,t
2022,699,India,0.026320000000000003,t
