Year,Partner ID,Partner Name,Quantity,Unit
2021,0,World,0.001974,t
2021,699,India,0.00032900000000000003,t
2021,826,United Kingdom,0.0016450000000000002,t
2022,0,World,0.000987,t
2022,826,United Kingdom,0.000987,t
2024,0,World,0.00032900000000000003,t
2024,752,Sweden,0.00032900000000000003,t
