Year,Partner ID,Partner Name,Quantity,Unit
2020,0,World,109.802604422,t
2020,56,Belgium,86.39718844400001,t
2020,156,China,21.058933364,t
2020,842,USA,2.346482614,t
2021,0,World,9.029734000000001,t
2021,56,Belgium,8.051946000000001,t
2021,246,Finland,0.977788,t
2023,0,World,64.561973,t
2023,156,China,32.327540000000006,t
2023,246,Finland,31.376730000000002,t
2023,842,USA,0.8577030000000001,t
