Year,Partner ID,Partner Name,Quantity,Unit
2020,0,World,7.238000000000001e-05,t
2020,392,Japan,7.238000000000001e-05,t
