Year,Partner ID,Partner Name,Quantity,Unit
2020,0,World,1.449574,t
2020,842,USA,1.449574,t
2021,0,World,0.097713,t
2021,156,China,0.028952,t
2021,214,Dominican Rep.,0.068761,t
2022,0,World,0.34216,t
2022,842,USA,0.06251000000000001,t
2022,214,Dominican Rep.,0.27965,t
2023,0,World,0.328342,t
2023,214,Dominican Rep.,0.068432,t
2023,842,USA,0.25991000000000003,t
2024,0,World,0.08192100000000001,t
2024,842,USA,0.08192100000000001,t
