Year,Partner ID,Partner Name,Quantity,Unit
2021,0,World,9.806192753,t
2021,56,Belgium,1.645,t
2021,246,Finland,0.079618,t
2021,528,Netherlands,0.06580000000000001,t
2021,699,India,8.015774753,t
2022,0,World,10.455620000000001,t
2022,56,Belgium,2.632,t
2022,156,China,5.9549,t
2022,699,India,1.86872,t
2023,0,World,13.431425,t
2023,156,China,13.38701,t
2023,246,Finland,0.044415,t
2024,0,World,0.00032900000000000003,t
2024,724,Spain,0.00032900000000000003,t
