Year,Partner ID,Partner Name,Quantity,Unit
2020,0,World,0.24660227900000004,t
2020,36,Australia,0.24660227900000004,t
