Year,Partner ID,Partner Name,Quantity,Unit
2020,0,World,1.95096671,t
2020,156,China,1.949325,t
2020,842,USA,0.00164171,t
2022,0,World,0.016450000000000003,t
2022,156,China,0.016450000000000003,t
2023,0,World,1.4839939800000002,t
2023,156,China,1.3489,t
2023,484,Mexico,0.025004000000000002,t
2023,842,USA,0.11008997999999999,t
2024,0,World,0.002433942,t
2024,842,USA,0.002433942,t
