Year,Partner ID,Partner Name,Quantity,Unit
2022,0,World,0.0016450000000000002,t
2022,360,Indonesia,0.0016450000000000002,t
