Year,Partner ID,Partner Name,Quantity,Unit
2022,0,World,0.006580000000000001,t
2022,156,China,0.006580000000000001,t
