Year,Partner ID,Partner Name,Quantity,Unit
2021,0,World,0.011515000000000001,t
2021,246,Finland,0.008225000000000001,t
2021,251,France,0.0032900000000000004,t
2022,0,World,0.018095,t
2022,246,Finland,0.016450000000000003,t
2022,724,Spain,0.0016450000000000002,t
2023,0,World,0.013160000000000002,t
2023,246,Finland,0.006580000000000001,t
2023,724,Spain,0.006580000000000001,t
