Year,Partner ID,Partner Name,Quantity,Unit
2021,0,World,0.0016450000000000002,t
2021,392,Japan,0.0016450000000000002,t
