Year,Partner ID,Partner Name,Quantity,Unit
2020,0,World,2.3260300000000003,t
2020,156,China,1.7272500000000002,t
2020,246,Finland,0.5922000000000001,t
2020,792,Türkiye,0.006580000000000001,t
2022,0,World,4.038529285,t
2022,156,China,2.98403,t
2022,440,Lithuania,1.03635,t
2022,792,Türkiye,0.018149285,t
2023,0,World,2.05625,t
2023,156,China,2.05625,t
2024,0,World,2.8293999999999997e-05,t
2024,428,Latvia,2.8293999999999997e-05,t
