Year,Partner ID,Partner Name,Quantity,Unit
2022,0,World,0.00032900000000000003,t
2022,276,Germany,0.00032900000000000003,t
2023,0,World,0.0016450000000000002,t
2023,36,Australia,0.0016450000000000002,t
