Year,Partner ID,Partner Name,Quantity,Unit
2020,0,World,71.349640432,t
2020,180,Dem. Rep. of the Congo,70.712996809,t
2020,710,South Africa,0.636643623,t
2022,0,World,3729.8210180000005,t
2022,180,Dem. Rep. of the Congo,3729.804568,t
2022,710,South Africa,0.016450000000000003,t
2023,0,World,2032.3645999999999,t
2023,180,Dem. Rep. of the Congo,2032.3645999999999,t
2024,0,World,2550.874851,t
2024,180,Dem. Rep. of the Congo,2550.874851,t
