Year,Partner ID,Partner Name,Quantity,Unit
2020,0,World,0.11415600000000001,t
2020,156,China,0.060056,t
2020,276,Germany,0.0036880000000000003,t
2020,643,Russian Federation,0.050412,t
2021,0,World,0.083844,t
2021,156,China,0.032,t
2021,276,Germany,0.0038439999999999998,t
2021,643,Russian Federation,0.048,t
