Year,Partner ID,Partner Name,Quantity,Unit
2020,0,World,0.0001,t
2020,699,India,0.0001,t
2021,0,World,0.002404,t
2021,699,India,0.002404,t
2022,0,World,4.16e-05,t
2022,579,Norway,4.16e-05,t
2024,0,World,1.7272e-05,t
2024,699,India,1.7272e-05,t
