Year,Partner ID,Partner Name,Quantity,Unit
2022,0,World,0.0012451079999999998,t
2022,842,USA,0.0012451079999999998,t
