Year,Partner ID,Partner Name,Quantity,Unit
2020,0,World,0.113792,t
2020,842,USA,0.113792,t
2021,0,World,0.21097200000000002,t
2021,842,USA,0.15730000000000002,t
2021,56,Belgium,0.05054,t
2021,705,Slovenia,0.0031320000000000002,t
2022,0,World,0.15907200000000002,t
2022,56,Belgium,0.15907200000000002,t
2023,0,World,0.224708,t
2023,842,USA,0.15074,t
2023,156,China,0.000744,t
2023,56,Belgium,0.07322000000000001,t
2023,276,Germany,4e-06,t
