Year,Partner ID,Partner Name,Quantity,Unit
2020,0,World,0.00033200000000000005,t
2020,842,USA,0.00033200000000000005,t
2021,0,World,0.00069196,t
2021,842,USA,0.00069196,t
