Year,Partner ID,Partner Name,Quantity,Unit
2020,0,World,0.6414,t
2020,490,"Other Asia, nes",0.00922,t
2020,579,Norway,0.000348,t
2020,724,Spain,0.38,t
2020,764,Thailand,0.251832,t
2021,0,World,0.6706000000000001,t
2021,156,China,0.4,t
2021,410,Rep. of Korea,4e-06,t
2021,490,"Other Asia, nes",0.0025960000000000002,t
2021,724,Spain,0.268,t
2022,0,World,0.662668,t
2022,156,China,0.66,t
2022,490,"Other Asia, nes",0.0026680000000000002,t
2024,0,World,0.08,t
2024,156,China,0.08,t
