Year,Partner ID,Partner Name,Quantity,Unit
2020,0,World,2.4323319999999997,t
2020,156,China,1.6296,t
2020,699,India,0.0004,t
2020,702,Singapore,0.1,t
2020,792,Türkiye,0.702332,t
2021,0,World,1.1856,t
2021,344,"China, Hong Kong SAR",0.048,t
2021,699,India,0.0022,t
2021,156,China,1.0255999999999998,t
2021,792,Türkiye,0.1098,t
2022,0,World,1.9658879999999999,t
2022,699,India,0.011288000000000001,t
2022,156,China,1.9445999999999999,t
2022,784,United Arab Emirates,0.01,t
