Year,Partner ID,Partner Name,Quantity,Unit
2020,0,World,0.0004,t
2020,699,India,0.0004,t
2021,0,World,0.004848,t
2021,699,India,0.000848,t
2021,710,South Africa,0.004,t
2022,0,World,0.0500924,t
2022,156,China,0.04408,t
2022,699,India,0.0060124,t
2023,0,World,0.0593436,t
2023,156,China,0.056,t
2023,699,India,0.0033436,t
