Year,Partner ID,Partner Name,Quantity,Unit
2020,0,World,3.2e-05,t
2020,440,Lithuania,3.2e-05,t
2021,0,World,0.30102664799999995,t
2021,251,France,0.040875999999999996,t
2021,276,Germany,7.0648e-05,t
2021,528,Netherlands,0.25206,t
2021,616,Poland,0.008,t
2021,724,Spain,2e-05,t
2022,0,World,0.008,t
2022,616,Poland,0.008,t
2023,0,World,0.0011359999999999999,t
2023,251,France,0.0011359999999999999,t
