Year,Partner ID,Partner Name,Quantity,Unit
2020,0,World,3.6280000000000002e-06,t
2020,842,USA,3.6280000000000002e-06,t
