Year,Partner ID,Partner Name,Quantity,Unit
2022,0,World,0.0022719999999999997,t
2022,276,Germany,0.0022719999999999997,t
