Year,Partner ID,Partner Name,Quantity,Unit
2020,0,World,3.5161599999999997,t
2020,156,China,3.32608,t
2020,276,Germany,0.19008000000000003,t
2021,0,World,12.87104,t
2021,36,Australia,0.09504000000000001,t
2021,156,China,12.576,t
2021,380,Italy,0.1,t
2021,699,India,0.1,t
2022,0,World,3.41432,t
2022,156,China,3.32504,t
2022,276,Germany,0.08928,t
2023,0,World,4.612010612,t
2023,156,China,4.612010612,t
