Year,Partner ID,Partner Name,Quantity,Unit
2020,0,World,0.0002861519999999996,t
2020,842,USA,0.0002861519999999996,t
2022,0,World,5.5824e-05,t
2022,643,Russian Federation,5.5824e-05,t
