Year,Partner ID,Partner Name,Quantity,Unit
2021,0,World,0.008060000000000001,t
2021,156,China,0.008060000000000001,t
2022,0,World,0.0002,t
2022,699,India,0.0002,t
