Year,Partner ID,Partner Name,Quantity,Unit
2020,0,World,0.004893880000000001,t
2020,842,USA,0.004893880000000001,t
2022,0,World,5.2e-05,t
2022,156,China,5.2e-05,t
