Year,Partner ID,Partner Name,Quantity,Unit
2020,0,World,0.0049905999999999996,t
2020,579,Norway,0.0049905999999999996,t
