Year,Partner ID,Partner Name,Quantity,Unit
2020,0,World,0.008003999999999999,t
2020,251,France,4e-06,t
2020,484,Mexico,0.008,t
2023,0,World,0.00048,t
2023,156,China,0.0004,t
2023,724,Spain,8e-05,t
