Year,Partner ID,Partner Name,Quantity,Unit
2021,0,World,5.5221,t
2021,842,USA,5.5221,t
2022,0,World,2.4948,t
2022,156,China,1.1447999999999998,t
2022,842,USA,1.3499999999999999,t
2023,0,World,0.1215,t
2023,842,USA,0.1215,t
2024,0,World,27.582599999999996,t
2024,156,China,6.9945,t
2024,842,USA,20.588099999999997,t
