Year,Partner ID,Partner Name,Quantity,Unit
2021,0,World,81.54299999999999,t
2021,32,Argentina,13.2,t
2021,156,China,68.343,t
2022,0,World,0.8999999999999999,t
2022,32,Argentina,0.8999999999999999,t
