Year,Partner ID,Partner Name,Quantity,Unit
2021,0,World,0.005699999999999999,t
2021,842,USA,0.005699999999999999,t
2023,0,World,0.0009,t
2023,826,United Kingdom,0.0009,t
2024,0,World,0.144,t
2024,842,USA,0.144,t
