Year,Partner ID,Partner Name,Quantity,Unit
2021,0,World,1269.71307,t
2021,156,China,1045.1049,t
2021,784,United Arab Emirates,0.0003,t
2021,804,Ukraine,172.56957,t
2021,826,United Kingdom,52.0383,t
2022,0,World,137.635488,t
2022,156,China,111.5886,t
2022,251,France,0.031298999999999966,t
2022,528,Netherlands,0.031298999999999966,t
2022,804,Ukraine,25.984289999999998,t
2023,0,World,102699.9831,t
2023,156,China,102598.2471,t
2023,528,Netherlands,101.736,t
