Year,Partner ID,Partner Name,Quantity,Unit
2020,0,World,0.0025199999999999997,t
2020,156,China,0.0025199999999999997,t
2022,0,World,20115.5184,t
2022,156,China,20115.5184,t
2023,0,World,9000.0,t
2023,156,China,9000.0,t
2024,0,World,32850.0,t
2024,156,China,32850.0,t
