Year,Partner ID,Partner Name,Quantity,Unit
2020,0,World,26.5534335,t
2020,842,USA,26.5534335,t
2021,0,World,21.657142500000003,t
2021,156,China,21.657142500000003,t
2022,0,World,0.0,
2022,156,China,0.0,
2022,490,"Other Asia, nes",0.0,
2023,0,World,0.5986548,t
2023,410,Rep. of Korea,0.3,t
2023,842,USA,0.2986548,t
2024,0,World,0.0,
2024,699,India,0.0,
