Year,Partner ID,Partner Name,Quantity,Unit
2020,0,World,0.06,t
2020,276,Germany,0.06,t
2021,0,World,0.19140569999999998,t
2021,484,Mexico,0.0069,t
2021,643,Russian Federation,0.1845057,t
2022,0,World,0.0,
2022,276,Germany,0.0039,t
2022,579,Norway,0.0,
2023,0,World,0.0045,t
2023,398,Kazakhstan,0.0045,t
2024,0,World,0.0042,t
2024,699,India,0.0003,t
2024,842,USA,0.0039,t
