Year,Partner ID,Partner Name,Quantity,Unit
2022,0,World,33.8958,t
2022,156,China,6.010800000000001,t
2022,704,Viet Nam,27.885,t
2023,0,World,6.015299999999999,t
2023,156,China,6.015,t
2023,608,Philippines,0.0003,t
2024,0,World,0.0,
2024,36,Australia,0.015,t
2024,156,China,0.0144,t
2024,528,Netherlands,0.0,
