Year,Partner ID,Partner Name,Quantity,Unit
2020,0,World,10.125,t
2020,440,Lithuania,9.45,t
2020,643,Russian Federation,0.6749999999999999,t
2021,0,World,21.770999999999997,t
2021,440,Lithuania,20.715,t
2021,643,Russian Federation,1.056,t
2022,0,World,28.6233,t
2022,40,Austria,28.6233,t
2023,0,World,1356.1121999999998,t
2023,40,Austria,12.6822,t
2023,643,Russian Federation,1343.43,t
