Year,Partner ID,Partner Name,Quantity,Unit
2021,0,World,0.5123099999999999,t
2021,643,Russian Federation,0.28731,t
2021,804,Ukraine,0.22499999999999998,t
2022,0,World,5.723999999999999,t
2022,233,Estonia,0.2352,t
2022,428,Latvia,5.0763,t
2022,804,Ukraine,0.4125,t
2023,0,World,0.96,t
2023,804,Ukraine,0.96,t
2024,0,World,4.3521,t
2024,191,Croatia,1.3499999999999999,t
2024,428,Latvia,2.7320999999999995,t
2024,642,Romania,0.27,t
