Year,Partner ID,Partner Name,Quantity,Unit
2020,0,World,0.0198,t
2020,56,Belgium,0.0198,t
2021,0,World,0.01648199999999997,t
2021,56,Belgium,0.016181999999999967,t
2021,504,Morocco,0.0003,t
2022,0,World,1.5e-05,t
2022,56,Belgium,1.5e-05,t
2023,0,World,0.0003,t
2023,826,United Kingdom,0.0003,t
