Year,Partner ID,Partner Name,Quantity,Unit
2020,0,World,597.084,t
2020,156,China,597.084,t
2021,0,World,0.00825,t
2021,710,South Africa,0.00825,t
2022,0,World,244.33629000000002,t
2022,156,China,244.32599999999996,t
2022,710,South Africa,0.010289999999999999,t
