Year,Partner ID,Partner Name,Quantity,Unit
2020,0,World,26.01,t
2020,156,China,26.01,t
2022,0,World,452.67900000000003,t
2022,156,China,452.67900000000003,t
2023,0,World,1014.09,t
2023,156,China,1014.09,t
