Year,Partner ID,Partner Name,Quantity,Unit
2020,0,World,6158.499000000001,t
2020,156,China,6158.499000000001,t
2021,0,World,19255.025999999998,t
2021,156,China,19255.025999999998,t
2022,0,World,17757.359999999997,t
2022,156,China,17716.559999999998,t
2022,699,India,40.8,t
2023,0,World,8819.25,t
2023,156,China,8819.25,t
2024,0,World,3531.15,t
2024,24,Angola,2615.4,t
2024,156,China,915.75,t
