Year,Partner ID,Partner Name,Quantity,Unit
2021,0,World,151.2924,t
2021,36,Australia,129.696,t
2021,702,Singapore,21.5964,t
2022,0,World,1.5299999999999998,t
2022,36,Australia,1.5299999999999998,t
