Year,Partner ID,Partner Name,Quantity,Unit
2020,0,World,1346.2693338000001,t
2020,112,Belarus,0.22179299999999996,t
2020,398,Kazakhstan,7.931616,t
2020,498,Rep. of Moldova,0.04392479999999999,t
2020,804,Ukraine,1338.072,t
2021,0,World,687.7489107,t
2021,112,Belarus,0.39341339999999997,t
2021,398,Kazakhstan,71.83583999999999,t
2021,498,Rep. of Moldova,0.007503599999999999,t
2021,642,Romania,0.028575,t
2021,795,Turkmenistan,0.0005786999999999999,t
2021,804,Ukraine,615.4830000000001,t
