Year,Partner ID,Partner Name,Quantity,Unit
2020,0,World,8.094,t
2020,156,China,8.094,t
2021,0,World,0.003,t
2021,764,Thailand,0.003,t
2022,0,World,6.155514,t
2022,704,Viet Nam,0.020513999999999998,t
2022,784,United Arab Emirates,6.135,t
2023,0,World,0.201,t
2023,458,Malaysia,0.021,t
2023,528,Netherlands,0.18,t
2024,0,World,0.15,t
2024,144,Sri Lanka,0.15,t
