Year,Partner ID,Partner Name,Quantity,Unit
2020,0,World,6.0,t
2020,246,Finland,3.0,t
2020,579,Norway,3.0,t
2021,0,World,396.9,t
2021,246,Finland,3.0,t
2021,579,Norway,393.9,t
2022,0,World,12.0126717,t
2022,246,Finland,3.0,t
2022,579,Norway,9.0,t
2022,842,USA,0.0126717,t
2023,0,World,1.5,t
2023,246,Finland,1.5,t
2024,0,World,1.5243903,t
2024,246,Finland,1.5243903,t
