Year,Partner ID,Partner Name,Quantity,Unit
2020,0,World,25455.809999999998,t
2020,156,China,25455.809999999998,t
2021,0,World,8203.92,t
2021,156,China,8203.92,t
2022,0,World,8598.6309,t
2022,104,Myanmar,0.0009,t
2022,156,China,8598.63,t
2023,0,World,5145.089999999999,t
2023,156,China,5145.089999999999,t
2024,0,World,5002.794,t
2024,156,China,5002.794,t
