Year,Partner ID,Partner Name,Quantity,Unit
2020,0,World,1092.258,t
2020,31,Azerbaijan,1092.258,t
2021,0,World,47.129999999999995,t
2021,699,India,47.129999999999995,t
2022,0,World,0.4053,t
2022,586,Pakistan,0.0003,t
2022,887,Yemen,0.405,t
2023,0,World,918.8849999999999,t
2023,699,India,918.765,t
2023,887,Yemen,0.12,t
