Year,Partner ID,Partner Name,Quantity,Unit
2020,0,World,20790.816,t
2020,203,Czechia,3247.4399999999996,t
2020,348,Hungary,267.156,t
2020,616,Poland,166.32,t
2020,842,USA,17109.899999999998,t
2021,0,World,6655.139999999999,t
2021,203,Czechia,373.77000000000004,t
2021,616,Poland,266.37,t
2021,643,Russian Federation,6.0,t
2021,842,USA,6009.0,t
2024,0,World,13470.9,t
2024,842,USA,13470.9,t
