Year,Partner ID,Partner Name,Quantity,Unit
2020,0,World,0.0,
2020,699,India,0.0,
2020,784,United Arab Emirates,0.0,
2020,804,Ukraine,0.0,
2021,0,World,184.78497689999998,t
2021,156,China,74.2061472,t
2021,364,Iran,61.259708999999994,t
2021,729,Sudan,49.319121,t
2022,0,World,0.0,
2022,156,China,0.0,
2023,0,World,0.0,
2023,156,China,0.0,
2024,0,World,0.0,
2024,156,China,0.0,
