Year,Partner ID,Partner Name,Quantity,Unit
2020,0,World,314842.9541112,t
2020,156,China,314075.7041112,t
2020,364,Iran,742.5,t
2020,699,India,24.75,t
2021,0,World,27714.159001499997,t
2021,156,China,26319.081671699998,t
2021,364,Iran,577.5,t
2021,392,Japan,817.5773295,t
2022,0,World,218343.94379999998,t
2022,156,China,218337.80999999997,t
2022,784,United Arab Emirates,6.1338,t
2023,0,World,108805.305,t
2023,124,Canada,0.054,t
2023,156,China,108805.071,t
2023,528,Netherlands,0.18,t
