Year,Partner ID,Partner Name,Quantity,Unit
2020,0,World,53000.549999999996,t
2020,251,France,60.0,t
2020,579,Norway,52940.549999999996,t
2021,0,World,55989.450000000004,t
2021,528,Netherlands,300.0,t
2021,579,Norway,55689.450000000004,t
2022,0,World,51821.325000000004,t
2022,579,Norway,51821.325000000004,t
2023,0,World,55114.875,t
2023,528,Netherlands,75.0,t
2023,579,Norway,55039.875,t
2024,0,World,48618.75,t
2024,579,Norway,48618.75,t
