Year,Partner ID,Partner Name,Quantity,Unit
2022,0,World,1125.0315,t
2022,392,Japan,14.9265,t
2022,579,Norway,1110.105,t
2023,0,World,30.080999999999996,t
2023,410,Rep. of Korea,30.080999999999996,t
