Year,Partner ID,Partner Name,Quantity,Unit
2024,0,World,0.0011250000000000001,t
2024,705,Slovenia,0.0011250000000000001,t
