Year,Partner ID,Partner Name,Quantity,Unit
2021,0,World,0.14100000000000001,t
2021,372,Ireland,0.14100000000000001,t
2022,0,World,0.0015,t
2022,579,Norway,0.0015,t
2023,0,World,0.0015,t
2023,579,Norway,0.0015,t
