Year,Partner ID,Partner Name,Quantity,Unit
2020,0,World,37.23375,t
2020,792,Türkiye,37.23375,t
2021,0,World,36.85125,t
2021,156,China,36.85125,t
2022,0,World,75.67500000000001,t
2022,156,China,75.67500000000001,t
