Year,Partner ID,Partner Name,Quantity,Unit
2020,0,World,0.033,t
2020,842,USA,0.033,t
2022,0,World,0.195,t
2022,124,Canada,0.08700000000000001,t
2022,826,United Kingdom,0.07200000000000001,t
2022,842,USA,0.036000000000000004,t
