Year,Partner ID,Partner Name,Quantity,Unit
2021,0,World,0.72675,t
2021,276,Germany,0.04725,t
2021,528,Netherlands,0.47850000000000004,t
2021,699,India,0.035250000000000004,t
2021,724,Spain,0.16575,t
2022,0,World,0.7042499999999999,t
2022,528,Netherlands,0.21299999999999997,t
2022,699,India,0.49125,t
2023,0,World,0.8025,t
2023,818,Egypt,0.8025,t
2024,0,World,0.35475,t
2024,40,Austria,0.00375,t
2024,842,USA,0.35100000000000003,t
