Year,Partner ID,Partner Name,Quantity,Unit
2020,0,World,240.57375,t
2020,380,Italy,32.27775,t
2020,705,Slovenia,208.296,t
2021,0,World,426.36825,t
2021,380,Italy,264.97875,t
2021,705,Slovenia,161.3895,t
2022,0,World,90.12075,t
2022,705,Slovenia,90.06824999999999,t
2022,757,Switzerland,0.052500000000000005,t
