Year,Partner ID,Partner Name,Quantity,Unit
2022,0,World,29.630249999999997,t
2022,392,Japan,29.630249999999997,t
2024,0,World,93.29475,t
2024,156,China,93.13725000000001,t
2024,842,USA,0.1575,t
