Year,Partner ID,Partner Name,Quantity,Unit
2022,0,World,0.001064999999999925,t
2022,233,Estonia,0.001064999999999925,t
2023,0,World,0.0002625,t
2023,233,Estonia,9.449999999999999e-05,t
2023,428,Latvia,0.000168,t
