Year,Partner ID,Partner Name,Quantity,Unit
2020,0,World,125.99325000000002,t
2020,784,United Arab Emirates,125.99325000000002,t
2021,0,World,0.5931675,t
2021,344,"China, Hong Kong SAR",0.5931675,t
2022,0,World,157.78809,t
2022,156,China,13.781775,t
2022,699,India,107.79374999999999,t
2022,702,Singapore,0.399315,t
2022,764,Thailand,35.81325,t
2023,0,World,964.7025750000001,t
2023,344,"China, Hong Kong SAR",27.952199999999998,t
2023,392,Japan,0.000375,t
2023,842,USA,936.75,t
