Year,Partner ID,Partner Name,Quantity,Unit
2022,0,World,1.7578275,t
2022,276,Germany,1.7497275,t
2022,699,India,0.0081,t
2023,0,World,0.0264075,t
2023,251,France,0.0030675,t
2023,422,Lebanon,6.749999999999999e-05,t
2023,442,Luxembourg,0.0007725000000000001,t
2023,842,USA,0.0225,t
2024,0,World,0.11582250000000001,t
2024,170,Colombia,0.018000000000000002,t
2024,196,Cyprus,0.021622499999999927,t
2024,480,Mauritius,0.00045,t
2024,842,USA,0.07575000000000001,t
