Year,Partner ID,Partner Name,Quantity,Unit
2022,0,World,0.0022500000000000003,t
2022,757,Switzerland,0.0022500000000000003,t
