Year,Partner ID,Partner Name,Quantity,Unit
2020,0,World,0.01125,t
2020,792,Türkiye,0.01125,t
2021,0,World,0.0795,t
2021,50,Bangladesh,0.07875,t
2021,64,Bhutan,0.00075,t
2022,0,World,0.38775000000000004,t
2022,50,Bangladesh,0.369,t
2022,524,Nepal,0.018000000000000002,t
2022,842,USA,0.00075,t
2023,0,World,80.469,t
2023,50,Bangladesh,1.1235,t
2023,288,Ghana,0.006,t
2023,764,Thailand,79.3395,t
2024,0,World,0.006,t
2024,842,USA,0.006,t
