Year,Partner ID,Partner Name,Quantity,Unit
2023,0,World,18.47775,t
2023,203,Czechia,11.81325,t
2023,276,Germany,5.27475,t
2023,348,Hungary,1.38975,t
2024,0,World,77.98575,t
2024,276,Germany,77.98575,t
