Year,Partner ID,Partner Name,Quantity,Unit
2020,0,World,0.5249999999999999,t
2020,842,USA,0.5249999999999999,t
2023,0,World,0.00075,t
2023,380,Italy,0.00075,t
