Year,Partner ID,Partner Name,Quantity,Unit
2022,0,World,134.78775000000002,t
2022,710,South Africa,111.06524999999999,t
2022,757,Switzerland,23.7225,t
2023,0,World,23.799,t
2023,710,South Africa,23.799,t
