Year,Partner ID,Partner Name,Quantity,Unit
2020,0,World,0.0,
2020,842,USA,0.0,
2021,0,World,0.0,
2021,156,China,0.0,
2021,410,Rep. of Korea,0.0,
2021,579,Norway,0.0,
2021,826,United Kingdom,0.0,
2022,826,United Kingdom,0.0,
2022,757,Switzerland,0.0,
2022,579,Norway,0.0,
2022,0,World,0.0,
2023,0,World,0.023043,t
2023,579,Norway,0.00576075,t
2023,842,USA,0.01728225,t
2024,0,World,54.030449250000004,t
2024,208,Denmark,0.030449249999999924,t
2024,528,Netherlands,54.0,t
