Year,Partner ID,Partner Name,Quantity,Unit
2020,0,World,0.18075,t
2020,634,Qatar,0.18075,t
2022,0,World,0.99225,t
2022,251,France,0.015,t
2022,276,Germany,0.003,t
2022,348,Hungary,0.83925,t
2022,752,Sweden,0.135,t
2023,0,World,0.0015,t
2023,276,Germany,0.0015,t
2024,0,World,0.09825,t
2024,276,Germany,0.00075,t
2024,490,"Other Asia, nes",0.0975,t
