Year,Partner ID,Partner Name,Quantity,Unit
2020,0,World,89.0865,t
2020,156,China,59.0865,t
2020,392,Japan,30.0,t
2021,0,World,1163.47125,t
2021,156,China,1013.47125,t
2021,764,Thailand,150.0,t
