Year,Partner ID,Partner Name,Quantity,Unit
2022,0,World,0.1748025,t
2022,192,Cuba,0.03075,t
2022,512,Oman,0.0885,t
2022,764,Thailand,0.0555525,t
2023,0,World,0.3039974999999999,t
2023,682,Saudi Arabia,0.28125,t
2023,826,United Kingdom,0.0227475,t
