Year,Partner ID,Partner Name,Quantity,Unit
2020,0,World,41.6175,t
2020,344,"China, Hong Kong SAR",38.0925,t
2020,364,Iran,3.5250000000000004,t
2021,0,World,17.981250000000003,t
2021,344,"China, Hong Kong SAR",17.958750000000002,t
2021,434,Libya,0.0225,t
2023,0,World,0.22275,t
2023,368,Iraq,0.22275,t
