Year,Partner ID,Partner Name,Quantity,Unit
2021,0,World,0.294,t
2021,300,Greece,0.294,t
2022,0,World,0.41819999999999996,t
2022,51,Armenia,0.41819999999999996,t
2023,0,World,0.10859999999999999,t
2023,51,Armenia,0.10859999999999999,t
2024,0,World,0.6348,t
2024,51,Armenia,0.129,t
2024,380,Italy,0.5057999999999999,t
