Year,Partner ID,Partner Name,Quantity,Unit
2020,0,World,3.6599999999999997,t
2020,428,Latvia,1.2,t
2020,752,Sweden,2.4599999999999995,t
2021,0,World,3.4259999999999997,t
2021,579,Norway,0.009,t
2021,752,Sweden,3.4170000000000003,t
2022,0,World,3.42,t
2022,752,Sweden,3.42,t
2023,0,World,2.1012,t
2023,579,Norway,0.0012,t
2023,752,Sweden,2.1,t
2024,0,World,1.7999999999999998,t
2024,752,Sweden,1.7999999999999998,t
