Year,Partner ID,Partner Name,Quantity,Unit
2020,0,World,0.018,t
2020,757,Switzerland,0.018,t
2023,0,World,0.7694759999999999,t
2023,276,Germany,0.7694759999999999,t
2024,0,World,7.199999999999999,t
2024,380,Italy,6.0,t
2024,703,Slovakia,1.2,t
