Year,Partner ID,Partner Name,Quantity,Unit
2022,0,World,0.0003,t
2022,643,Russian Federation,0.0003,t
2023,0,World,8.876999999999999,t
2023,860,Uzbekistan,8.876999999999999,t
2024,0,World,564.9675,t
2024,428,Latvia,250.79999999999998,t
2024,440,Lithuania,314.16,t
2024,643,Russian Federation,0.0075,t
