Year,Partner ID,Partner Name,Quantity,Unit
2020,0,World,1.2369599999999998,t
2020,251,France,0.015,t
2020,380,Italy,1.2186000000000001,t
2020,842,USA,0.0033599999999999997,t
2021,0,World,0.0096,t
2021,380,Italy,0.0096,t
2022,0,World,0.003,t
2022,100,Bulgaria,0.0012,t
2022,348,Hungary,0.0012,t
2022,703,Slovakia,0.0006,t
2023,0,World,0.6000048,t
2023,31,Azerbaijan,0.6,t
2023,348,Hungary,4.8e-06,t
