Year,Partner ID,Partner Name,Quantity,Unit
2021,0,World,0.8702789999999999,t
2021,410,Rep. of Korea,0.8702789999999999,t
2022,0,World,0.0161532,t
2022,842,USA,0.0161532,t
2023,0,World,1.324959,t
2023,410,Rep. of Korea,0.745929,t
2023,842,USA,0.5790299999999999,t
