Year,Partner ID,Partner Name,Quantity,Unit
2021,0,World,0.005717999999999939,t
2021,404,Kenya,0.0025416,t
2021,842,USA,0.00317639999999994,t
