Year,Partner ID,Partner Name,Quantity,Unit
2020,0,World,0.1255,t
2020,276,Germany,0.025,t
2020,842,USA,0.1005,t
2021,0,World,0.12129999999999995,t
2021,842,USA,0.12129999999999995,t
2022,0,World,0.173,t
2022,842,USA,0.173,t
2023,0,World,0.05,t
2023,842,USA,0.05,t
