Year,Partner ID,Partner Name,Quantity,Unit
2020,0,World,1.238924,t
2020,842,USA,1.238924,t
2022,0,World,0.52428,t
2022,842,USA,0.52428,t
2023,0,World,0.003,t
2023,842,USA,0.003,t
2024,0,World,0.0035005,t
2024,842,USA,0.0035005,t
