Year,Partner ID,Partner Name,Quantity,Unit
2020,0,World,0.1035135,t
2020,276,Germany,0.1033075,t
2020,705,Slovenia,0.000206,t
2022,0,World,0.137389,t
2022,276,Germany,0.1243365,t
2022,380,Italy,0.013,t
2022,705,Slovenia,5.249999999995e-05,t
2023,0,World,0.13421049999999995,t
2023,276,Germany,0.134208,t
2023,705,Slovenia,2.5e-06,t
2024,0,World,0.097966,t
2024,276,Germany,0.097966,t
