Year,Partner ID,Partner Name,Quantity,Unit
2022,0,World,0.04464999999999995,t
2022,842,USA,0.04464999999999995,t
2023,0,World,0.26744,t
2023,156,China,0.00494,t
2023,484,Mexico,0.2625,t
