Year,Partner ID,Partner Name,Quantity,Unit
2022,0,World,10.44135,t
2022,643,Russian Federation,10.44135,t
2024,0,World,0.06406999999999995,t
2024,156,China,0.00592,t
2024,276,Germany,0.05815,t
