Year,Partner ID,Partner Name,Quantity,Unit
2020,0,World,0.17984999999999995,t
2020,276,Germany,0.14,t
2020,792,Türkiye,0.03985,t
2021,0,World,0.15525,t
2021,276,Germany,0.1015,t
2021,792,Türkiye,0.05375,t
2022,0,World,0.12575,t
2022,276,Germany,0.12575,t
2023,0,World,0.13575,t
2023,276,Germany,0.112,t
2023,792,Türkiye,0.02375,t
2024,0,World,0.012,t
2024,792,Türkiye,0.012,t
