Year,Partner ID,Partner Name,Quantity,Unit
2020,0,World,0.0,
2020,276,Germany,0.2500525,t
2020,380,Italy,0.5025,t
2020,724,Spain,0.0,
2020,826,United Kingdom,1.75,t
2021,380,Italy,1.0,t
2021,276,Germany,0.0,
2021,724,Spain,0.0,
2021,0,World,0.0,
2021,156,China,0.0007,t
2022,0,World,2.5e-06,t
2022,276,Germany,2.5e-06,t
2023,0,World,0.0,
2023,233,Estonia,0.00475999999999995,t
2023,276,Germany,0.0,
2023,380,Italy,0.1,t
2023,826,United Kingdom,0.0002,t
2024,0,World,2e-06,t
2024,276,Germany,2e-06,t
