Year,Partner ID,Partner Name,Quantity,Unit
2020,0,World,0.8246,t
2020,56,Belgium,0.8231,t
2020,842,USA,0.0015,t
2021,0,World,0.70975,t
2021,56,Belgium,0.6733,t
2021,251,France,0.03,t
2021,276,Germany,0.00645,t
2022,251,France,0.00019,t
2022,0,World,0.00019,t
2023,0,World,0.0315,t
2023,251,France,0.002,t
2023,276,Germany,0.0295,t
2024,442,Luxembourg,0.0015,t
2024,0,World,0.1385,t
2024,251,France,0.008,t
2024,276,Germany,0.0885,t
2024,528,Netherlands,0.0405,t
