Year,Partner ID,Partner Name,Quantity,Unit
2020,0,World,0.62355,t
2020,826,United Kingdom,0.5055,t
2020,842,USA,0.11805,t
2021,0,World,0.16872499999999996,t
2021,156,China,0.000125,t
2021,251,France,0.001,t
2021,380,Italy,0.1,t
2021,842,USA,0.0676,t
2022,0,World,0.20165,t
2022,276,Germany,0.00015,t
2022,842,USA,0.2015,t
2023,0,World,0.44425,t
2023,276,Germany,0.00025,t
2023,699,India,0.15,t
2023,710,South Africa,0.125,t
2023,842,USA,0.169,t
