Year,Partner ID,Partner Name,Quantity,Unit
2020,0,World,0.15,t
2020,156,China,0.15,t
2021,0,World,0.11626,t
2021,842,USA,0.11626,t
2022,0,World,0.173435,t
2022,276,Germany,0.073155,t
2022,380,Italy,0.00028,t
2022,842,USA,0.1,t
2023,842,USA,0.045,t
2023,380,Italy,0.005,t
2023,0,World,0.20375,t
2023,156,China,0.085,t
2023,276,Germany,0.06875,t
2024,380,Italy,0.015,t
2024,0,World,0.31406,t
2024,156,China,0.24265,t
2024,276,Germany,0.03141,t
2024,842,USA,0.025,t
