Year,Partner ID,Partner Name,Quantity,Unit
2020,0,World,0.0,
2020,56,Belgium,0.614,t
2020,112,Belarus,0.213425,t
2020,156,China,0.001161,t
2020,251,France,0.1,t
2020,276,Germany,3.3670375,t
2020,380,Italy,2.58045,t
2020,757,Switzerland,0.0,
2020,804,Ukraine,17.503995,t
2020,826,United Kingdom,42.0645,t
2020,842,USA,26.730455000000003,t
