Year,Partner ID,Partner Name,Quantity,Unit
2021,0,World,0.0601905,t
2021,251,France,0.025,t
2021,276,Germany,0.0351905,t
2022,0,World,0.047,t
2022,251,France,0.0125,t
2022,276,Germany,0.0225,t
2022,380,Italy,0.012,t
2023,0,World,0.067,t
2023,276,Germany,0.027,t
2023,705,Slovenia,0.04,t
2024,0,World,0.0945,t
2024,276,Germany,0.002,t
2024,705,Slovenia,0.0925,t
