Year,Partner ID,Partner Name,Quantity,Unit
2022,0,World,58.170899999999996,t
2022,156,China,58.170899999999996,t
2023,0,World,6300.0,t
2023,300,Greece,6300.0,t
