Year,Partner ID,Partner Name,Quantity,Unit
2020,0,World,2.6999999999999997,t
2020,156,China,2.6999999999999997,t
2021,0,World,162.75,t
2021,156,China,88.5,t
2021,704,Viet Nam,74.25,t
2022,0,World,55.958999999999996,t
2022,699,India,3.0,t
2022,156,China,22.959,t
2022,784,United Arab Emirates,30.0,t
2023,0,World,37.5,t
2023,784,United Arab Emirates,37.5,t
