Year,Partner ID,Partner Name,Quantity,Unit
2020,0,World,19.1757,t
2020,40,Austria,4.25355,t
2020,705,Slovenia,14.922149999999998,t
2021,0,World,13.20525,t
2021,40,Austria,0.6,t
2021,705,Slovenia,12.60525,t
2024,0,World,13.2006,t
2024,608,Philippines,13.2006,t
