Year,Partner ID,Partner Name,Quantity,Unit
2020,0,World,0.21074849999999998,t
2020,36,Australia,0.21074849999999998,t
2021,0,World,0.00975,t
2021,156,China,0.005399999999999999,t
2021,392,Japan,0.00435,t
2022,0,World,0.07379999999999999,t
2022,251,France,0.07379999999999999,t
2023,0,World,0.075,t
2023,36,Australia,0.075,t
2024,0,World,0.33795450000000005,t
2024,36,Australia,0.33795450000000005,t
