Year,Partner ID,Partner Name,Quantity,Unit
2020,0,World,33181.413225,t
2020,156,China,33168.6,t
2020,360,Indonesia,0.06322499999999999,t
2020,579,Norway,12.75,t
2021,0,World,30437.733,t
2021,156,China,4270.635,t
2021,392,Japan,6.348,t
2021,579,Norway,8.4,t
2021,899,"Areas, nes",26152.35,t
2022,0,World,16966.649999999998,t
2022,899,"Areas, nes",16966.649999999998,t
2024,0,World,9931.641,t
2024,156,China,4875.0,t
2024,490,"Other Asia, nes",4980.0,t
2024,579,Norway,76.64099999999999,t
