Year,Partner ID,Partner Name,Quantity,Unit
2020,0,World,387.0,t
2020,156,China,387.0,t
2021,0,World,135.0,t
2021,156,China,135.0,t
2022,0,World,0.76485,t
2022,156,China,0.75,t
2022,410,Rep. of Korea,0.01485,t
2023,0,World,74.39999999999999,t
2023,156,China,74.39999999999999,t
2024,0,World,0.0,
2024,156,China,3.0,t
2024,616,Poland,0.0,
