Year,Partner ID,Partner Name,Quantity,Unit
2020,0,World,0.00105,t
2020,276,Germany,0.0003,t
2020,380,Italy,0.0006,t
2020,792,Türkiye,0.00015,t
2021,0,World,0.0003,t
2021,380,Italy,0.0003,t
2022,0,World,0.00015,t
2022,380,Italy,0.00015,t
2024,0,World,0.07665,t
2024,710,South Africa,0.00015,t
2024,842,USA,0.0765,t
