Year,Partner ID,Partner Name,Quantity,Unit
2023,0,World,7.196999999999999,t
2023,705,Slovenia,7.196999999999999,t
