Year,Partner ID,Partner Name,Quantity,Unit
2023,0,World,1689.25995,t
2023,124,Canada,1625.13,t
2023,156,China,64.12995,t
2024,0,World,14013.295709999999,t
2024,124,Canada,5088.224999999999,t
2024,156,China,6207.375,t
2024,246,Finland,1966.905,t
2024,276,Germany,244.85249999999996,t
2024,528,Netherlands,0.00010499999999999999,t
2024,710,South Africa,0.003,t
2024,764,Thailand,290.5755,t
2024,826,United Kingdom,215.35960499999996,t
