Year,Partner ID,Partner Name,Quantity,Unit
2020,0,World,933.843,t
2020,246,Finland,933.843,t
2021,0,World,1481.2050000000002,t
2021,246,Finland,1481.2050000000002,t
2022,0,World,816.9423,t
2022,246,Finland,813.429,t
2022,528,Netherlands,3.5133,t
2023,0,World,951.63195,t
2023,246,Finland,951.609,t
2023,842,USA,0.022949999999999998,t
2024,0,World,832.323,t
2024,246,Finland,832.323,t
