Year,Partner ID,Partner Name,Quantity,Unit
2022,0,World,0.13394999999999999,t
2022,724,Spain,0.13394999999999999,t
