Year,Partner ID,Partner Name,Quantity,Unit
2021,0,World,2.9404500000000002,t
2021,76,Brazil,2.9404500000000002,t
2023,0,World,0.0,
2023,524,Nepal,0.0,
2024,0,World,2.85,t
2024,56,Belgium,2.85,t
