Year,Partner ID,Partner Name,Quantity,Unit
2022,0,World,6.57135,t
2022,608,Philippines,6.57135,t
2023,0,World,37.052249999999994,t
2023,418,Lao People's Dem. Rep.,3.1005000000000003,t
2023,608,Philippines,12.482999999999999,t
2023,702,Singapore,6.746999999999999,t
2023,764,Thailand,14.721749999999998,t
2024,0,World,35.811,t
2024,608,Philippines,35.811,t
