Year,Partner ID,Partner Name,Quantity,Unit
2020,0,World,511.67925,t
2020,156,China,497.7075,t
2020,276,Germany,13.96935,t
2020,699,India,0.0024,t
2021,0,World,0.525,t
2021,192,Cuba,0.22499999999999998,t
2021,818,Egypt,0.3,t
2023,0,World,6.0045,t
2023,620,Portugal,0.0045,t
2023,764,Thailand,6.0,t
2024,0,World,7.061999999999999,t
2024,620,Portugal,7.061999999999999,t
