Year,Partner ID,Partner Name,Quantity,Unit
2020,0,World,0.0003,t
2020,251,France,0.0003,t
2021,0,World,0.00375,t
2021,480,Mauritius,0.00375,t
2023,0,World,0.0009,t
2023,348,Hungary,0.0009,t
2024,0,World,0.0015,t
2024,251,France,0.0003,t
2024,348,Hungary,0.0012,t
