Year,Partner ID,Partner Name,Quantity,Unit
2020,0,World,0.10396050000000001,t
2020,682,Saudi Arabia,0.10396050000000001,t
2021,0,World,0.10132304999999998,t
2021,682,Saudi Arabia,0.00375,t
2021,699,India,0.09285,t
2021,842,USA,0.00472305,t
2022,0,World,0.0028499999999999997,t
2022,682,Saudi Arabia,0.0026999999999999997,t
2022,842,USA,0.00015,t
2023,0,World,0.0,
2023,682,Saudi Arabia,0.0108045,t
2023,764,Thailand,6.044999999999999,t
2023,842,USA,0.0,
