Year,Partner ID,Partner Name,Quantity,Unit
2021,0,World,2.72625,t
2021,196,Cyprus,2.697,t
2021,842,USA,0.029249999999999998,t
2022,0,World,0.0135,t
2022,56,Belgium,0.0105,t
2022,826,United Kingdom,0.003,t
2023,0,World,0.03,t
2023,196,Cyprus,0.03,t
