Year,Partner ID,Partner Name,Quantity,Unit
2020,0,World,0.06580000000000001,t
2020,404,Kenya,0.06580000000000001,t
2021,0,World,0.7566999999999999,t
2021,404,Kenya,0.26320000000000005,t
2021,699,India,0.49350000000000005,t
2022,0,World,0.28688800000000003,t
2022,404,Kenya,0.28688800000000003,t
2023,0,World,0.478477202,t
2023,404,Kenya,0.478477202,t
