Year,Partner ID,Partner Name,Quantity,Unit
2021,0,World,0.0006580000000000001,t
2021,251,France,0.00032900000000000003,t
2021,276,Germany,0.00032900000000000003,t
2022,0,World,0.00032900000000000003,t
2022,276,Germany,0.00032900000000000003,t
