Year,Partner ID,Partner Name,Quantity,Unit
2020,0,World,0.022536500000000004,t
2020,251,France,0.022536500000000004,t
2023,0,World,0.645498,t
2023,699,India,0.645498,t
