Year,Partner ID,Partner Name,Quantity,Unit
2020,0,World,0.630035,t
2020,140,Central African Rep.,0.0006580000000000001,t
2020,251,France,0.09179100000000001,t
2020,276,Germany,0.00032900000000000003,t
2020,422,Lebanon,0.146405,t
2020,710,South Africa,0.390852,t
2022,0,World,0.264187,t
2022,422,Lebanon,0.26155500000000004,t
2022,710,South Africa,0.0026320000000000002,t
2023,0,World,0.236222,t
2023,710,South Africa,0.019082000000000002,t
2023,422,Lebanon,0.21714000000000003,t
