Year,Partner ID,Partner Name,Quantity,Unit
2020,0,World,2.8455209999999997,t
2020,246,Finland,0.049679,t
2020,276,Germany,0.019082000000000002,t
2020,410,Rep. of Korea,2.77676,t
2022,0,World,0.041125,t
2022,276,Germany,0.041125,t
2023,0,World,0.054962739999999996,t
2023,246,Finland,0.04935,t
2023,699,India,0.00561274,t
2024,0,World,0.061687500000000006,t
2024,246,Finland,0.046060000000000004,t
2024,320,Guatemala,0.015627500000000003,t
