Year,Partner ID,Partner Name,Quantity,Unit
2023,0,World,0.115808,t
2023,40,Austria,0.097055,t
2023,56,Belgium,0.018424000000000003,t
2023,826,United Kingdom,0.00032900000000000003,t
2024,0,World,0.00032900000000000003,t
2024,826,United Kingdom,0.00032900000000000003,t
