Year,Partner ID,Partner Name,Quantity,Unit
2020,0,World,4.7705,t
2020,56,Belgium,4.7705,t
2022,0,World,0.6580329000000001,t
2022,156,China,0.658,t
2022,842,USA,3.29e-05,t
2023,0,World,0.0,
2023,156,China,1.316,t
2023,568,"Other Europe, nes",0.03948,t
2023,842,USA,0.0,
2024,0,World,0.0090804,t
2024,156,China,0.0006580000000000001,t
2024,246,Finland,0.008225000000000001,t
2024,579,Norway,0.00016450000000000001,t
2024,757,Switzerland,3.29e-05,t
