Year,Partner ID,Partner Name,Quantity,Unit
2020,0,World,8.843849,t
2020,620,Portugal,0.0026320000000000002,t
2020,792,Türkiye,8.841217,t
2021,0,World,0.001974,t
2021,620,Portugal,0.001974,t
2022,0,World,0.329,t
2022,156,China,0.329,t
2023,0,World,7.9877910000000005,t
2023,826,United Kingdom,7.9877910000000005,t
