Year,Partner ID,Partner Name,Quantity,Unit
2021,0,World,0.003676246,t
2021,251,France,0.003676246,t
2022,0,World,0.018369386,t
2022,842,USA,0.018369386,t
