Year,Partner ID,Partner Name,Quantity,Unit
2020,0,World,0.8498070000000001,t
2020,56,Belgium,0.299719,t
2020,792,Türkiye,0.550088,t
2022,0,World,0.268135,t
2022,792,Türkiye,0.268135,t
2023,0,World,2.93797,t
2023,276,Germany,0.17437000000000002,t
2023,788,Tunisia,2.7636000000000003,t
