Year,Partner ID,Partner Name,Quantity,Unit
2023,0,World,0.001895039999999967,t
2023,842,USA,0.001895039999999967,t
2024,0,World,0.00040796,t
2024,826,United Kingdom,0.00040796,t
