Year,Partner ID,Partner Name,Quantity,Unit
2020,0,World,0.015792,t
2020,792,Türkiye,0.015792,t
2021,0,World,0.658,t
2021,699,India,0.658,t
2022,0,World,0.005593000000000001,t
2022,792,Türkiye,0.005593000000000001,t
2023,0,World,0.13160000000000002,t
2023,792,Türkiye,0.13160000000000002,t
