Year,Partner ID,Partner Name,Quantity,Unit
2020,0,World,7.567000000000001e-05,t
2020,842,USA,7.567000000000001e-05,t
