Year,Partner ID,Partner Name,Quantity,Unit
2020,0,World,0.0,
2020,642,Romania,0.034216,t
2020,792,Türkiye,0.0,
2022,0,World,0.0016450000000000002,t
2022,710,South Africa,0.0016450000000000002,t
2023,0,World,0.00032900000000000003,t
2023,826,United Kingdom,0.00032900000000000003,t
