Year,Partner ID,Partner Name,Quantity,Unit
2020,0,World,1.6651051899999998,t
2020,214,Dominican Rep.,1.4035140000000002,t
2020,842,USA,0.26159119000000003,t
2021,0,World,0.5834420200000001,t
2021,842,USA,0.5834420200000001,t
2022,0,World,2.7091307600000003,t
2022,214,Dominican Rep.,1.1336682,t
2022,842,USA,1.57546256,t
2023,0,World,1.94522566,t
2023,842,USA,1.94522566,t
