Year,Partner ID,Partner Name,Quantity,Unit
2020,0,World,0.115715551,t
2020,699,India,0.115715551,t
2021,0,World,0.026504240000000002,t
2021,699,India,0.026504240000000002,t
