Year,Partner ID,Partner Name,Quantity,Unit
2020,0,World,9.870000000000001,t
2020,156,China,9.870000000000001,t
2021,0,World,3.29,t
2021,156,China,3.29,t
2022,0,World,3.3639592,t
2022,410,Rep. of Korea,0.063168,t
2022,842,USA,0.0007567,t
2022,764,Thailand,0.008883,t
2022,36,Australia,3.29,t
2022,276,Germany,0.0011515000000000002,t
2023,0,World,0.0248395,t
2023,156,China,0.024675,t
2023,380,Italy,0.00016450000000000001,t
