Year,Partner ID,Partner Name,Quantity,Unit
2021,0,World,0.032571,t
2021,300,Greece,0.0006580000000000001,t
2021,842,USA,0.031913000000000004,t
2023,0,World,0.060252731000000004,t
2023,826,United Kingdom,0.060252731000000004,t
