Year,Partner ID,Partner Name,Quantity,Unit
2021,0,World,0.00032900000000000003,t
2021,842,USA,0.00032900000000000003,t
