Year,Partner ID,Partner Name,Quantity,Unit
2020,0,World,0.514885,t
2020,784,United Arab Emirates,0.514885,t
2021,0,World,0.74683,t
2021,699,India,0.24082800000000001,t
2021,784,United Arab Emirates,0.5060020000000001,t
2022,0,World,0.744198,t
2022,699,India,0.277347,t
2022,784,United Arab Emirates,0.466851,t
2023,0,World,1.205785,t
2023,710,South Africa,0.013489000000000001,t
2023,784,United Arab Emirates,1.192296,t
2024,0,World,0.013489000000000001,t
2024,156,China,0.013489000000000001,t
