Year,Partner ID,Partner Name,Quantity,Unit
2020,0,World,0.05593000000000001,t
2020,56,Belgium,0.04935,t
2020,156,China,0.0032900000000000004,t
2020,642,Romania,0.0032900000000000004,t
2022,0,World,0.08225,t
2022,380,Italy,0.08225,t
2023,0,World,0.041125,t
2023,156,China,0.024675,t
2023,380,Italy,0.016450000000000003,t
2024,0,World,0.057575,t
2024,156,China,0.057575,t
