Year,Partner ID,Partner Name,Quantity,Unit
2022,0,World,0.176539426,t
2022,156,China,0.10196368,t
2022,784,United Arab Emirates,0.07220069500000001,t
2022,792,Türkiye,0.002375051,t
2023,0,World,0.012665184000000001,t
2023,276,Germany,0.000984697,t
2023,616,Poland,0.011680487,t
