Year,Partner ID,Partner Name,Quantity,Unit
2022,0,World,0.032900000000000006,t
2022,568,"Other Europe, nes",0.032900000000000006,t
2024,0,World,0.018095,t
2024,643,Russian Federation,0.018095,t
