Year,Partner ID,Partner Name,Quantity,Unit
2020,0,World,15.903527052000001,t
2020,56,Belgium,0.6168750000000001,t
2020,112,Belarus,1.0856999999999999,t
2020,156,China,11.311765514000001,t
2020,246,Finland,2.06283,t
2020,276,Germany,0.0004935,t
2020,392,Japan,3.3887e-05,t
2020,826,United Kingdom,0.8249017000000002,t
2020,842,USA,0.000927451,t
