Year,Partner ID,Partner Name,Quantity,Unit
2024,0,World,0.0032900000000000004,t
2024,276,Germany,0.0032900000000000004,t
