Year,Partner ID,Partner Name,Quantity,Unit
2020,0,World,0.09055725,t
2020,156,China,0.09047500000000001,t
2020,276,Germany,8.225000000000001e-05,t
2021,0,World,0.13160000000000002,t
2021,156,China,0.13160000000000002,t
2022,0,World,0.198058,t
2022,156,China,0.1974,t
2022,276,Germany,0.0006580000000000001,t
