Year,Partner ID,Partner Name,Quantity,Unit
2020,0,World,0.00016450000000000001,t
2020,372,Ireland,0.00016450000000000001,t
2021,0,World,3.6190000000000004e-05,t
2021,528,Netherlands,3.6190000000000004e-05,t
2022,0,World,0.00034216,t
2022,392,Japan,1.3160000000000001e-05,t
2022,826,United Kingdom,0.00032900000000000003,t
2023,0,World,0.041230279999999994,t
2023,380,Italy,0.041230279999999994,t
