Year,Partner ID,Partner Name,Quantity,Unit
2021,0,World,0.0,
2021,156,China,0.0,
2021,710,South Africa,0.000987,t
2022,0,World,0.00032900000000000003,t
2022,276,Germany,0.00032900000000000003,t
