Year,Partner ID,Partner Name,Quantity,Unit
2022,0,World,0.06580000000000001,t
2022,528,Netherlands,0.06580000000000001,t
