Year,Partner ID,Partner Name,Quantity,Unit
2023,0,World,0.09080400000000001,t
2023,699,India,0.09080400000000001,t
2024,0,World,0.003619,t
2024,699,India,0.003619,t
