Year,Partner ID,Partner Name,Quantity,Unit
2022,0,World,0.13818,t
2022,699,India,0.13818,t
2024,0,World,15.9571251,t
2024,156,China,15.5671285,t
2024,699,India,0.0106596,t
2024,710,South Africa,0.37933700000000004,t
