Year,Partner ID,Partner Name,Quantity,Unit
2020,0,World,0.00024017,t
2020,826,United Kingdom,0.00024017,t
2022,0,World,0.000525742,t
2022,276,Germany,0.000525742,t
2023,0,World,0.0,
2023,156,China,0.0,
