Year,Partner ID,Partner Name,Quantity,Unit
2020,0,World,0.0013160000000000001,t
2020,702,Singapore,0.0013160000000000001,t
2021,0,World,0.005922,t
2021,458,Malaysia,0.0016450000000000002,t
2021,702,Singapore,0.0032900000000000004,t
2021,826,United Kingdom,0.000987,t
2022,0,World,0.004277,t
2022,458,Malaysia,0.0026320000000000002,t
2022,702,Singapore,0.0016450000000000002,t
