Year,Partner ID,Partner Name,Quantity,Unit
2020,0,World,0.0019911099999999214,t
2020,392,Japan,0.0019911099999999214,t
2022,0,World,0.00195963,t
2022,392,Japan,0.00195963,t
2024,0,World,0.059025,t
2024,156,China,0.059025,t
