Year,Partner ID,Partner Name,Quantity,Unit
2020,0,World,0.03148,t
2020,826,United Kingdom,0.03148,t
2021,0,World,0.055145089999999994,t
2021,156,China,0.0028332,t
2021,392,Japan,0.04722,t
2021,699,India,0.00509189,t
2022,0,World,0.169205,t
2022,699,India,0.169205,t
2023,0,World,0.020462,t
2023,699,India,0.020462,t
2024,0,World,0.024397000000000002,t
2024,156,China,0.00787,t
2024,392,Japan,0.000787,t
2024,699,India,0.01574,t
