Year,Partner ID,Partner Name,Quantity,Unit
2020,0,World,2.23508,t
2020,76,Brazil,1.4953,t
2020,276,Germany,0.03148,t
2020,699,India,0.7083,t
2021,0,World,2.0462000000000002,t
2021,699,India,2.0462000000000002,t
2022,0,World,1.81797,t
2022,699,India,1.81797,t
2023,0,World,0.39351574000000006,t
2023,699,India,0.3935,t
2023,842,USA,1.5740000000000002e-05,t
2024,0,World,0.03935,t
2024,699,India,0.03935,t
