Year,Partner ID,Partner Name,Quantity,Unit
2022,0,World,0.0023610000000000003,t
2022,724,Spain,0.0023610000000000003,t
