Year,Partner ID,Partner Name,Quantity,Unit
2021,0,World,0.41868400000000006,t
2021,56,Belgium,0.3935,t
2021,251,France,0.000787,t
2021,276,Germany,0.000787,t
2021,842,USA,0.02361,t
2022,0,World,10.231,t
2022,616,Poland,10.231,t
2023,0,World,0.008657,t
2023,251,France,0.000787,t
2023,392,Japan,0.00787,t
