Year,Partner ID,Partner Name,Quantity,Unit
2023,0,World,0.004800699999999922,t
2023,842,USA,0.004800699999999922,t
2024,0,World,0.02361,t
2024,156,China,0.02361,t
