Year,Partner ID,Partner Name,Quantity,Unit
2020,0,World,0.004249800000000001,t
2020,276,Germany,0.004249800000000001,t
2021,0,World,0.080998827,t
2021,40,Austria,0.0787,t
2021,56,Belgium,0.00071617,t
2021,276,Germany,0.0015826570000000001,t
2022,0,World,0.005267390999999922,t
2022,792,Türkiye,0.005267390999999922,t
