Year,Partner ID,Partner Name,Quantity,Unit
2020,0,World,0.0,
2020,276,Germany,0.0,
2021,0,World,0.0,
2021,276,Germany,0.0,
2023,0,World,1.5740000000000002e-05,t
2023,276,Germany,1.5740000000000002e-05,t
