Year,Partner ID,Partner Name,Quantity,Unit
2020,0,World,59.372852426000016,t
2020,392,Japan,53.780827861,t
2020,842,USA,5.592024565000001,t
2022,0,World,0.628357327,t
2022,842,USA,0.628357327,t
2023,0,World,26.425886000000002,t
2023,392,Japan,25.624720000000003,t
2023,842,USA,0.801166,t
