Year,Partner ID,Partner Name,Quantity,Unit
2020,0,World,0.05806486,t
2020,100,Bulgaria,0.00053516,t
2020,156,China,7.87e-05,t
2020,251,France,0.000787,t
2020,724,Spain,0.056664,t
2021,0,World,0.0081848,t
2021,276,Germany,0.00011805,t
2021,699,India,0.008066750000000001,t
2022,0,World,0.02514465,t
2022,156,China,0.02514465,t
2023,0,World,0.00073978,t
2023,156,China,0.0007083,t
2023,276,Germany,3.1480000000000004e-05,t
