Year,Partner ID,Partner Name,Quantity,Unit
2020,0,World,0.00787,t
2020,792,Türkiye,0.00787,t
2021,0,World,0.00027545,t
2021,643,Russian Federation,0.00027545,t
2022,0,World,0.021249,t
2022,643,Russian Federation,0.001574,t
2022,792,Türkiye,0.019675,t
2023,0,World,0.03148,t
2023,643,Russian Federation,0.03148,t
2024,0,World,0.003935,t
2024,643,Russian Federation,0.003935,t
