Year,Partner ID,Partner Name,Quantity,Unit
2021,0,World,0.005509,t
2021,36,Australia,0.001574,t
2021,124,Canada,0.003935,t
2022,0,World,0.029119,t
2022,36,Australia,0.028332,t
2022,699,India,0.000787,t
2023,0,World,0.471413,t
2023,36,Australia,0.471413,t
2024,0,World,0.006844539,t
2024,36,Australia,0.0047220000000000005,t
2024,156,China,0.0008798660000000001,t
2024,842,USA,0.0012426729999999212,t
