Year,Partner ID,Partner Name,Quantity,Unit
2020,0,World,5.132208009999999,t
2020,156,China,3.98240101,t
2020,276,Germany,0.000787,t
2020,826,United Kingdom,1.14902,t
