Year,Partner ID,Partner Name,Quantity,Unit
2020,0,World,0.000787,t
2020,842,USA,0.000787,t
2023,0,World,0.001574,t
2023,156,China,0.000787,t
2023,842,USA,0.000787,t
2024,0,World,0.003935,t
2024,156,China,0.000787,t
2024,276,Germany,0.000787,t
2024,568,"Other Europe, nes",0.000787,t
2024,792,Türkiye,0.000787,t
2024,842,USA,0.000787,t
