Year,Partner ID,Partner Name,Quantity,Unit
2020,0,World,0.27072799999999997,t
2020,699,India,0.26994100000000004,t
2020,757,Switzerland,0.000787,t
2022,0,World,0.025184,t
2022,699,India,0.021249,t
2022,842,USA,0.003935,t
2023,0,World,0.114115,t
2023,156,China,0.000787,t
2023,203,Czechia,0.000787,t
2023,699,India,0.11175399999999999,t
2023,842,USA,0.000787,t
