Year,Partner ID,Partner Name,Quantity,Unit
2020,0,World,1.574787,t
2020,380,Italy,1.574,t
2020,699,India,0.000787,t
2021,0,World,0.03935,t
2021,392,Japan,0.019675,t
2021,724,Spain,0.019675,t
2022,0,World,0.8342200000000001,t
2022,380,Italy,0.787,t
2022,392,Japan,0.03935,t
2022,724,Spain,0.00787,t
2023,0,World,0.661867,t
2023,251,France,0.3148,t
2023,380,Italy,0.3148,t
2023,392,Japan,0.01574,t
2023,699,India,0.000787,t
2023,724,Spain,0.01574,t
