Year,Partner ID,Partner Name,Quantity,Unit
2020,0,World,0.22355999999999998,t
2020,699,India,0.22355999999999998,t
2021,0,World,0.1074,t
2021,156,China,0.0174,t
2021,490,"Other Asia, nes",0.09,t
2022,0,World,0.20087999999999998,t
2022,156,China,0.135,t
2022,392,Japan,0.06588000000000001,t
2023,0,World,0.375,t
2023,156,China,0.045,t
2023,764,Thailand,0.32999999999999996,t
2024,0,World,33.93,t
2024,764,Thailand,33.93,t
