Year,Partner ID,Partner Name,Quantity,Unit
2020,0,World,0.12147000000000001,t
2020,120,Cameroon,0.11249999999999999,t
2020,251,France,0.008969999999999999,t
2022,0,World,1.3504737,t
2022,120,Cameroon,1.2885,t
2022,251,France,0.06197369999999999,t
2023,0,World,1.7558687999999998,t
2023,699,India,1.476,t
2023,842,USA,0.24986879999999995,t
2023,120,Cameroon,0.03,t
