Year,Partner ID,Partner Name,Quantity,Unit
2020,0,World,0.13227,t
2020,276,Germany,0.01977,t
2020,404,Kenya,0.11249999999999999,t
2023,0,World,0.06507,t
2023,710,South Africa,0.057569999999999996,t
2023,156,China,0.0075,t
