Year,Partner ID,Partner Name,Quantity,Unit
2020,0,World,1.06428,t
2020,156,China,0.108,t
2020,724,Spain,0.6839999999999999,t
2020,484,Mexico,0.005279999999999999,t
2020,380,Italy,0.267,t
2022,0,World,1.0481673000000002,t
2022,842,USA,0.0724773,t
2022,76,Brazil,0.00375,t
2022,124,Canada,0.14070000000000002,t
2022,724,Spain,0.52884,t
2022,56,Belgium,0.3024,t
