Year,Partner ID,Partner Name,Quantity,Unit
2020,0,World,0.04761,t
2020,842,USA,0.04761,t
2022,0,World,0.04944,t
2022,842,USA,0.04242,t
2022,826,United Kingdom,0.00702,t
2023,0,World,0.06264,t
2023,842,USA,0.05232,t
2023,156,China,0.009,t
2023,826,United Kingdom,0.0013199999999999998,t
