Year,Partner ID,Partner Name,Quantity,Unit
2022,0,World,0.1314,t
2022,528,Netherlands,0.1314,t
2023,0,World,0.01404,t
2023,251,France,0.00153,t
2023,724,Spain,0.012509999999999999,t
