Year,Partner ID,Partner Name,Quantity,Unit
2020,0,World,0.0056099999999999995,t
2020,826,United Kingdom,0.0056099999999999995,t
2021,0,World,0.00993,t
2021,826,United Kingdom,0.00993,t
2022,0,World,0.00348,t
2022,826,United Kingdom,0.00348,t
2023,0,World,0.00231,t
2023,826,United Kingdom,0.0021599999999999996,t
2023,842,USA,0.00015,t
2024,0,World,0.0,
2024,699,India,0.0,
