Year,Partner ID,Partner Name,Quantity,Unit
2020,0,World,0.29499,t
2020,710,South Africa,0.29499,t
2021,0,World,0.0006599999999999999,t
2021,710,South Africa,0.0006599999999999999,t
2022,0,World,8.999999999999999e-05,t
2022,710,South Africa,8.999999999999999e-05,t
2023,0,World,0.030689999999999995,t
2023,710,South Africa,0.030689999999999995,t
2024,0,World,0.5484629999999999,t
2024,710,South Africa,0.5484629999999999,t
