Year,Partner ID,Partner Name,Quantity,Unit
2020,0,World,0.045363,t
2020,699,India,0.036,t
2020,56,Belgium,0.008013,t
2020,36,Australia,0.0013499999999999999,t
2021,0,World,0.048,t
2021,699,India,0.045,t
2021,156,China,0.003,t
2022,0,World,0.0528,t
2022,699,India,0.045,t
2022,276,Germany,0.0078,t
2023,0,World,0.1747794,t
2023,842,USA,0.0021000000000000003,t
2023,288,Ghana,0.1723794,t
2023,276,Germany,0.0003,t
