Year,Partner ID,Partner Name,Quantity,Unit
2020,0,World,1.14,t
2020,504,Morocco,1.14,t
2021,0,World,67.98,t
2021,504,Morocco,67.98,t
2022,0,World,25.5219,t
2022,504,Morocco,21.3906,t
2022,724,Spain,2.4,t
2022,686,Senegal,0.24,t
2022,132,Cabo Verde,1.4913,t
2023,0,World,0.33255,t
2023,251,France,0.33255,t
2024,0,World,0.016050000000000002,t
2024,36,Australia,0.016050000000000002,t
