Year,Partner ID,Partner Name,Quantity,Unit
2020,0,World,0.00045,t
2020,842,USA,0.00045,t
2021,0,World,0.0006,t
2021,842,USA,0.0006,t
2022,0,World,0.0026999999999999997,t
2022,842,USA,0.0026999999999999997,t
2024,0,World,0.00171,t
2024,842,USA,0.00171,t
