Year,Partner ID,Partner Name,Quantity,Unit
2020,0,World,370.7577,t
2020,699,India,369.81600000000003,t
2020,156,China,0.44099999999999995,t
2020,276,Germany,0.5007,t
2021,0,World,541.8185699999999,t
2021,156,China,0.21057,t
2021,699,India,541.608,t
2022,0,World,567.15372,t
2022,699,India,501.35171999999994,t
2022,156,China,0.6,t
2022,704,Viet Nam,64.62299999999999,t
2022,276,Germany,0.579,t
