Year,Partner ID,Partner Name,Quantity,Unit
2020,0,World,0.0370143,t
2020,842,USA,0.0358743,t
2020,156,China,0.00078,t
2020,528,Netherlands,0.00035999999999999997,t
2021,0,World,0.05316,t
2021,842,USA,0.016404299999999997,t
2021,170,Colombia,0.00375,t
2021,528,Netherlands,0.0312657,t
2021,591,Panama,0.00174,t
2022,0,World,0.1147011,t
2022,842,USA,0.0037911000000000004,t
2022,899,"Areas, nes",0.11091,t
2023,0,World,0.0328662,t
2023,842,USA,0.0017262,t
2023,899,"Areas, nes",0.03114,t
