Year,Partner ID,Partner Name,Quantity,Unit
2020,0,World,0.027,t
2020,566,Nigeria,0.027,t
2021,0,World,0.0006599999999999999,t
2021,251,France,0.0006599999999999999,t
2022,0,World,0.017759999999999998,t
2022,842,USA,0.017759999999999998,t
2023,0,World,0.24594,t
2023,156,China,0.025439999999999997,t
2023,566,Nigeria,0.22049999999999997,t
