Year,Partner ID,Partner Name,Quantity,Unit
2022,0,World,0.598035,t
2022,702,Singapore,0.001197,t
2022,36,Australia,0.589368,t
2022,276,Germany,0.00747,t
2023,0,World,1.73109699,t
2023,842,USA,5.399999999997e-06,t
2023,156,China,0.75072,t
2023,702,Singapore,0.43458,t
2023,36,Australia,0.5457329999999999,t
2023,458,Malaysia,5.859e-05,t
