Year,Partner ID,Partner Name,Quantity,Unit
2020,0,World,81.58521,t
2020,699,India,22.21953,t
2020,842,USA,0.33468,t
2020,792,Türkiye,57.051,t
2020,380,Italy,1.98,t
2022,0,World,39.5337291,t
2022,643,Russian Federation,0.00603,t
2022,842,USA,0.502506,t
2022,792,Türkiye,39.0251931,t
2023,0,World,0.0,
2023,792,Türkiye,0.0,
