Year,Partner ID,Partner Name,Quantity,Unit
2020,0,World,0.32651369999999996,t
2020,710,South Africa,0.0135,t
2020,180,Dem. Rep. of the Congo,0.26502,t
2020,156,China,0.006,t
2020,784,United Arab Emirates,0.026543699999999996,t
2020,404,Kenya,0.012,t
2020,792,Türkiye,0.00345,t
2022,0,World,0.030029999999999994,t
2022,156,China,3e-05,t
2022,710,South Africa,0.03,t
