Year,Partner ID,Partner Name,Quantity,Unit
2020,0,World,0.0034203,t
2020,842,USA,0.001410299999999997,t
2020,92,Br. Virgin Isds,0.00075,t
2020,276,Germany,0.00126,t
2022,0,World,0.0095823,t
2022,842,USA,0.0087423,t
2022,826,United Kingdom,0.00084,t
2023,0,World,0.0063611999999999965,t
2023,780,Trinidad and Tobago,0.0001884,t
2023,842,USA,0.0054228,t
2023,276,Germany,0.00075,t
