Year,Partner ID,Partner Name,Quantity,Unit
2020,0,World,0.014418599999999998,t
2020,36,Australia,0.0043527,t
2020,380,Italy,0.0100659,t
2021,0,World,0.0153168,t
2021,480,Mauritius,0.015,t
2021,699,India,0.0001368,t
2021,710,South Africa,3e-05,t
2021,757,Switzerland,8.999999999999999e-05,t
2021,784,United Arab Emirates,6e-05,t
2023,0,World,0.0003,t
2023,826,United Kingdom,0.0003,t
2024,0,World,0.00012179999999999698,t
2024,699,India,0.0001068,t
2024,842,USA,1.5e-05,t
