Year,Partner ID,Partner Name,Quantity,Unit
2020,0,World,4.8804,t
2020,251,France,2.6279999999999997,t
2020,724,Spain,2.2523999999999997,t
2021,0,World,6.379919999999999,t
2021,251,France,2.62992,t
2021,724,Spain,3.75,t
2022,0,World,11.928989999999999,t
2022,251,France,5.91909,t
2022,724,Spain,6.0099,t
2023,0,World,4.69125,t
2023,251,France,3.942,t
2023,724,Spain,0.74925,t
2024,0,World,4.7175,t
2024,854,Burkina Faso,0.6975,t
2024,251,France,4.02,t
