Year,Partner ID,Partner Name,Quantity,Unit
2022,0,World,3e-05,t
2022,554,New Zealand,3e-05,t
2023,0,World,0.0030134999999999997,t
2023,242,Fiji,0.003,t
2023,16,American Samoa,1.35e-05,t
2024,0,World,0.07764,t
2024,16,American Samoa,0.006299999999999999,t
2024,242,Fiji,0.06462,t
2024,554,New Zealand,0.00672,t
