Year,Partner ID,Partner Name,Quantity,Unit
2023,0,World,0.0005639999999999999,t
2023,784,United Arab Emirates,0.0005639999999999999,t
