Year,Partner ID,Partner Name,Quantity,Unit
2020,0,World,0.8346,t
2020,616,Poland,0.10859999999999999,t
2020,703,Slovakia,0.44639999999999996,t
2020,757,Switzerland,0.2796,t
2022,0,World,9.8604,t
2022,826,United Kingdom,9.8604,t
2023,0,World,8.854199999999999,t
2023,348,Hungary,0.5988,t
2023,826,United Kingdom,8.2554,t
2024,0,World,16.7034,t
2024,703,Slovakia,1.9775999999999998,t
2024,757,Switzerland,0.8244,t
2024,826,United Kingdom,13.9014,t
