Year,Partner ID,Partner Name,Quantity,Unit
2020,0,World,220.0794,t
2020,276,Germany,31.7028,t
2020,458,Malaysia,188.3766,t
2022,0,World,14.685599999999999,t
2022,826,United Kingdom,14.685599999999999,t
2023,0,World,198.49499999999998,t
2023,458,Malaysia,198.49499999999998,t
2024,0,World,998.0598,t
2024,40,Austria,871.8059999999999,t
2024,392,Japan,34.5606,t
2024,458,Malaysia,91.1856,t
2024,752,Sweden,0.5075999999999999,t
