Year,Partner ID,Partner Name,Quantity,Unit
2021,0,World,0.49739999999999995,t
2021,380,Italy,0.49739999999999995,t
