Year,Partner ID,Partner Name,Quantity,Unit
2020,0,World,0.024,t
2020,156,China,0.024,t
2021,0,World,10.172999999999998,t
2021,276,Germany,3.3678000000000003,t
2021,528,Netherlands,6.8052,t
2022,0,World,9.480599999999999,t
2022,251,France,0.0006,t
2022,276,Germany,5.7,t
2022,528,Netherlands,3.7769999999999997,t
2022,842,USA,0.003,t
2023,0,World,2.3766,t
2023,251,France,0.078,t
2023,276,Germany,2.2986,t
2024,0,World,5.1438,t
2024,276,Germany,1.497,t
2024,528,Netherlands,3.6468,t
