Year,Partner ID,Partner Name,Quantity,Unit
2020,0,World,0.022799999999999997,t
2020,894,Zambia,0.022799999999999997,t
