Year,Partner ID,Partner Name,Quantity,Unit
2020,0,World,0.29219999999999996,t
2020,124,Canada,0.18059999999999998,t
2020,156,China,0.0012,t
2020,702,Singapore,0.0006,t
2020,842,USA,0.1098,t
2021,0,World,0.40800000000000003,t
2021,842,USA,0.40800000000000003,t
2023,0,World,0.3839628,t
2023,276,Germany,0.20357879999999998,t
2023,699,India,0.18038399999999993,t
