Year,Partner ID,Partner Name,Quantity,Unit
2024,0,World,0.694764,t
2024,8,Albania,0.033084,t
2024,348,Hungary,0.49626000000000003,t
2024,376,Israel,0.16542,t
