Year,Partner ID,Partner Name,Quantity,Unit
2021,0,World,0.0006616800000000001,t
2021,752,Sweden,0.0006616800000000001,t
2022,0,World,0.051445620000000004,t
2022,276,Germany,0.0041355,t
2022,352,Iceland,0.00893268,t
2022,616,Poland,0.00033084000000000005,t
2022,752,Sweden,0.03804660000000001,t
2023,0,World,0.032256900000000005,t
2023,304,Greenland,0.00033084000000000005,t
2023,752,Sweden,0.031926060000000006,t
2024,0,World,0.005293440000000001,t
2024,752,Sweden,0.005293440000000001,t
