Year,Partner ID,Partner Name,Quantity,Unit
2020,0,World,0.24399450000000003,t
2020,8,Albania,0.049626,t
2020,792,Türkiye,0.19436850000000003,t
2023,0,World,0.02084292,t
2023,8,Albania,0.0206775,t
2023,196,Cyprus,0.00016542000000000003,t
