Year,Partner ID,Partner Name,Quantity,Unit
2020,0,World,0.0016542000000000002,t
2020,156,China,0.0016542000000000002,t
2023,0,World,14.565231,t
2023,276,Germany,0.008271,t
2023,360,Indonesia,0.49626000000000003,t
2023,528,Netherlands,4.1355,t
2023,699,India,3.3084000000000002,t
2023,705,Slovenia,3.3084000000000002,t
2023,784,United Arab Emirates,3.3084000000000002,t
2024,0,World,0.02613636,t
2024,276,Germany,0.00893268,t
2024,842,USA,0.01720368,t
