Year,Partner ID,Partner Name,Quantity,Unit
2021,0,World,0.16591625999999998,t
2021,392,Japan,0.00049626,t
2021,458,Malaysia,0.16542,t
2024,0,World,1.861024626,t
2024,156,China,4.9626e-05,t
2024,392,Japan,1.860975,t
