Year,Partner ID,Partner Name,Quantity,Unit
2020,0,World,0.026549910000000003,t
2020,554,New Zealand,0.00372195,t
2020,704,Viet Nam,0.022827960000000005,t
2021,0,World,14.92154568,t
2021,156,China,14.5916982,t
2021,554,New Zealand,0.32984748,t
2023,0,World,231.1033194,t
2023,156,China,229.45904460000003,t
2023,410,Rep. of Korea,1.4887800000000002,t
2023,752,Sweden,0.1554948,t
2024,0,World,372.72169728000006,t
2024,156,China,217.79693460000004,t
2024,410,Rep. of Korea,154.92476268000001,t
