Year,Partner ID,Partner Name,Quantity,Unit
2020,0,World,3.3084000000000002,t
2020,251,France,3.3084000000000002,t
2021,0,World,0.00016542000000000003,t
2021,826,United Kingdom,0.00016542000000000003,t
2024,0,World,0.0074439,t
2024,276,Germany,0.00545886,t
2024,616,Poland,0.00198504,t
