Year,Partner ID,Partner Name,Quantity,Unit
2020,0,World,0.0,
2020,233,Estonia,0.011579400000000002,t
2020,616,Poland,0.0,
2021,0,World,0.0,
2021,112,Belarus,0.00198504,t
2021,233,Estonia,0.0041355,t
2021,616,Poland,0.0,
2022,0,World,0.05756616,t
2022,112,Belarus,0.0049626,t
2022,233,Estonia,0.049626,t
2022,643,Russian Federation,0.00297756,t
2023,0,World,0.0206775,t
2023,112,Belarus,0.0041355,t
2023,233,Estonia,0.016542,t
