Year,Partner ID,Partner Name,Quantity,Unit
2020,0,World,0.066168,t
2020,702,Singapore,0.066168,t
2021,0,World,0.066168,t
2021,702,Singapore,0.066168,t
2022,0,World,0.0033084000000000004,t
2022,702,Singapore,0.0033084000000000004,t
2023,0,World,0.39187998000000007,t
2023,156,China,0.39187998000000007,t
2024,0,World,0.6609438810000001,t
2024,764,Thailand,0.6609438810000001,t
