Year,Partner ID,Partner Name,Quantity,Unit
2024,0,World,0.0008271000000000001,t
2024,826,United Kingdom,0.0008271000000000001,t
