Year,Partner ID,Partner Name,Quantity,Unit
2020,0,World,0.02497842,t
2020,242,Fiji,0.02497842,t
2021,0,World,0.025640100000000002,t
2021,242,Fiji,0.025640100000000002,t
2022,0,World,0.0157149,t
2022,242,Fiji,0.0157149,t
