Year,Partner ID,Partner Name,Quantity,Unit
2022,0,World,285.34950000000003,t
2022,156,China,268.8075,t
2022,699,India,16.542,t
2023,0,World,0.0,
2023,156,China,0.0,
2024,0,World,1423.3183434000002,t
2024,156,China,1423.3183434000002,t
