Year,Partner ID,Partner Name,Quantity,Unit
2024,0,World,0.009098100000000001,t
2024,208,Denmark,0.0006616800000000001,t
2024,392,Japan,0.00843642,t
