Year,Partner ID,Partner Name,Quantity,Unit
2024,0,World,0.060047460000000004,t
2024,724,Spain,0.060047460000000004,t
