Year,Partner ID,Partner Name,Quantity,Unit
2022,0,World,33.247848510000004,t
2022,156,China,33.247848510000004,t
