Year,Partner ID,Partner Name,Quantity,Unit
2020,0,World,0.009233909819999983,t
2020,276,Germany,0.009233909819999983,t
2022,0,World,2.6425845000000003,t
2022,784,United Arab Emirates,2.6425845000000003,t
