Year,Partner ID,Partner Name,Quantity,Unit
2022,0,World,0.00408289644,t
2022,410,Rep. of Korea,0.00408289644,t
2023,0,World,0.6864068161800001,t
2023,392,Japan,0.6864068161800001,t
