Year,Partner ID,Partner Name,Quantity,Unit
2023,0,World,0.0020197782000000004,t
2023,710,South Africa,0.0020197782000000004,t
2024,0,World,0.016542,t
2024,710,South Africa,0.016542,t
