Year,Partner ID,Partner Name,Quantity,Unit
2020,0,World,0.115794,t
2020,68,Bolivia (Plurinational State of),0.115794,t
2021,0,World,0.16542,t
2021,842,USA,0.16542,t
2022,0,World,0.00016542000000000003,t
2022,757,Switzerland,0.00016542000000000003,t
2024,0,World,1029.168801,t
2024,156,China,1029.168801,t
