Year,Partner ID,Partner Name,Quantity,Unit
2020,0,World,0.00016542000000000003,t
2020,328,Guyana,0.00016542000000000003,t
2024,0,World,0.00099252,t
2024,308,Grenada,0.00099252,t
