Year,Partner ID,Partner Name,Quantity,Unit
2020,0,World,2.6285238000000004,t
2020,180,Dem. Rep. of the Congo,0.14722380000000002,t
2020,728,South Sudan,2.4813,t
2022,0,World,0.5723532,t
2022,699,India,0.5723532,t
