Year,Partner ID,Partner Name,Quantity,Unit
2020,0,World,18.508399999999998,t
2020,398,Kazakhstan,0.6396000000000001,t
2020,643,Russian Federation,17.4688,t
2020,860,Uzbekistan,0.4,t
2021,0,World,23.916410000000003,t
2021,398,Kazakhstan,1.23821,t
2021,643,Russian Federation,22.6782,t
