Year,Partner ID,Partner Name,Quantity,Unit
2020,0,World,0.12332000000000001,t
2020,604,Peru,0.12332000000000001,t
2021,0,World,0.1502,t
2021,724,Spain,0.15,t
2021,842,USA,0.0002,t
2023,0,World,0.00014000000000000001,t
2023,170,Colombia,3e-05,t
2023,604,Peru,0.00010999999999999999,t
2024,0,World,0.11222,t
2024,188,Costa Rica,0.061,t
2024,604,Peru,0.050199999999999995,t
2024,764,Thailand,0.0010199999999999999,t
