Year,Partner ID,Partner Name,Quantity,Unit
2021,0,World,1e-05,t
2021,384,Côte d'Ivoire,1e-05,t
2022,0,World,0.0027500000000000003,t
2022,566,Nigeria,0.0027500000000000003,t
