Year,Partner ID,Partner Name,Quantity,Unit
2020,0,World,3.9278,t
2020,68,Bolivia (Plurinational State of),0.01504,t
2020,600,Paraguay,3.89841,t
2020,858,Uruguay,0.014350000000000002,t
2021,0,World,0.560025,t
2021,600,Paraguay,0.560025,t
2022,0,World,2.1503825,t
2022,68,Bolivia (Plurinational State of),0.08003249999999999,t
2022,600,Paraguay,2.07035,t
2023,0,World,0.0121805,t
2023,600,Paraguay,0.010590500000000001,t
2023,858,Uruguay,0.00159,t
