Year,Partner ID,Partner Name,Quantity,Unit
2021,0,World,0.057840619999999995,t
2021,616,Poland,0.01156812,t
2021,818,Egypt,0.03470437,t
2021,842,USA,0.01156812,t
2023,0,World,0.0,
2023,604,Peru,0.0,
2023,616,Poland,0.0,
2023,842,USA,0.0,
2024,0,World,0.29264053,t
2024,566,Nigeria,0.29264053,t
