Year,Partner ID,Partner Name,Quantity,Unit
2020,0,World,0.02,t
2020,768,Togo,0.02,t
2021,0,World,0.11025,t
2021,288,Ghana,0.1,t
2021,466,Mali,0.00025,t
2021,768,Togo,0.01,t
2022,0,World,0.022000000000000002,t
2022,768,Togo,0.022000000000000002,t
2023,0,World,0.00025,t
2023,466,Mali,0.00025,t
2024,0,World,0.00128,t
2024,566,Nigeria,0.00013,t
2024,686,Senegal,0.00115,t
