Year,Partner ID,Partner Name,Quantity,Unit
2021,0,World,46.397299999999994,t
2021,398,Kazakhstan,46.177299999999995,t
2021,643,Russian Federation,0.22,t
2022,0,World,17.564600000000002,t
2022,398,Kazakhstan,17.564600000000002,t
2023,0,World,32.0428,t
2023,398,Kazakhstan,32.0428,t
2024,0,World,31.9126,t
2024,398,Kazakhstan,31.9126,t
