Year,Partner ID,Partner Name,Quantity,Unit
2020,0,World,2.6137900000000003,t
2020,56,Belgium,2.31544,t
2020,251,France,0.2581,t
2020,276,Germany,0.04,t
2020,528,Netherlands,0.00025,t
2021,0,World,1.8131000000000002,t
2021,56,Belgium,0.0002,t
2021,251,France,1.8129,t
2022,0,World,0.6346,t
2022,251,France,0.6346,t
2023,0,World,0.64775,t
2023,251,France,0.64774,t
2023,276,Germany,1e-05,t
2024,0,World,0.7386199999999999,t
2024,251,France,0.7386199999999999,t
