Year,Partner ID,Partner Name,Quantity,Unit
2020,0,World,0.04360000000000001,t
2020,450,Madagascar,0.04360000000000001,t
2021,0,World,0.00015,t
2021,450,Madagascar,0.00015,t
2022,0,World,0.00091,t
2022,450,Madagascar,0.00091,t
2023,0,World,0.0025,t
2023,450,Madagascar,0.0025,t
