Year,Partner ID,Partner Name,Quantity,Unit
2021,0,World,0.00028000000000000003,t
2021,710,South Africa,0.00028000000000000003,t
2022,0,World,2e-05,t
2022,516,Namibia,2e-05,t
2024,0,World,0.24579,t
2024,480,Mauritius,0.24579,t
