Year,Partner ID,Partner Name,Quantity,Unit
2020,0,World,0.4000508,t
2020,180,Dem. Rep. of the Congo,0.4,t
2020,710,South Africa,5.08e-05,t
2022,0,World,1.650023,t
2022,156,China,1.3e-05,t
2022,180,Dem. Rep. of the Congo,1.3100100000000001,t
2022,710,South Africa,0.34,t
2023,0,World,2.8021,t
2023,24,Angola,0.0001,t
2023,180,Dem. Rep. of the Congo,1.5519999999999998,t
2023,894,Zambia,1.25,t
