Year,Partner ID,Partner Name,Quantity,Unit
2020,0,World,0.05,t
2020,188,Costa Rica,0.05,t
2021,0,World,0.1,t
2021,188,Costa Rica,0.1,t
2022,0,World,0.0248,t
2022,188,Costa Rica,0.0248,t
2023,0,World,0.008239999999999999,t
2023,188,Costa Rica,0.008239999999999999,t
2024,0,World,0.0675,t
2024,340,Honduras,0.0675,t
