Year,Partner ID,Partner Name,Quantity,Unit
2020,0,World,0.413,t
2020,4,Afghanistan,0.413,t
2023,0,World,0.016399999999999998,t
2023,512,Oman,0.016399999999999998,t
2024,0,World,0.1286,t
2024,4,Afghanistan,0.005,t
2024,512,Oman,0.1236,t
