Year,Partner ID,Partner Name,Quantity,Unit
2020,0,World,1e-05,t
2020,699,India,1e-05,t
2023,0,World,0.35611600000000004,t
2023,156,China,0.35611600000000004,t
