Year,Partner ID,Partner Name,Quantity,Unit
2020,0,World,0.0,
2020,276,Germany,0.0,
2021,887,Yemen,0.3119,t
2021,729,Sudan,0.25,t
2021,414,Kuwait,0.1,t
2021,792,Türkiye,0.6,t
2021,76,Brazil,8.0,t
2021,48,Bahrain,0.00015,t
2021,0,World,9.972050000000001,t
2021,400,Jordan,0.71,t
2022,0,World,0.51223,t
2022,400,Jordan,0.2725,t
2022,784,United Arab Emirates,0.07200000000000001,t
2022,887,Yemen,0.16773,t
2024,276,Germany,0.52747,t
2024,0,World,0.56987,t
2024,48,Bahrain,0.04,t
2024,842,USA,0.0024,t
