Year,Partner ID,Partner Name,Quantity,Unit
2020,0,World,0.1092,t
2020,270,Gambia,0.1092,t
2021,0,World,0.0335,t
2021,262,Djibouti,0.0335,t
2022,0,World,0.01,t
2022,466,Mali,0.0055000000000000005,t
2022,854,Burkina Faso,0.0045000000000000005,t
2023,0,World,0.018500000000000003,t
2023,478,Mauritania,0.0075,t
2023,384,Côte d'Ivoire,0.011000000000000001,t
2024,0,World,0.0025,t
2024,384,Côte d'Ivoire,0.0025,t
