Year,Partner ID,Partner Name,Quantity,Unit
2020,0,World,0.00025,t
2020,191,Croatia,0.00025,t
2022,0,World,0.08800000000000001,t
2022,191,Croatia,0.08800000000000001,t
2023,0,World,0.07400000000000001,t
2023,191,Croatia,0.07400000000000001,t
