Year,Partner ID,Partner Name,Quantity,Unit
2020,0,World,0.000335,t
2020,800,Uganda,0.000335,t
2023,0,World,0.00025,t
2023,180,Dem. Rep. of the Congo,0.00025,t
2024,0,World,0.029166599999999997,t
2024,512,Oman,0.029166599999999997,t
