Year,Partner ID,Partner Name,Quantity,Unit
2020,0,World,6266.8002,t
2020,124,Canada,6266.8002,t
2022,0,World,1539.6654029999997,t
2022,899,"Areas, nes",1539.6654029999997,t
