Year,Partner ID,Partner Name,Quantity,Unit
2020,0,World,0.30119999999999997,t
2020,156,China,0.0012,t
2020,826,United Kingdom,0.3,t
2022,0,World,0.003,t
2022,842,USA,0.003,t
2023,0,World,52.8108,t
2023,56,Belgium,0.0006,t
2023,156,China,0.003,t
2023,276,Germany,52.8,t
2023,842,USA,0.005399999999999999,t
2023,899,"Areas, nes",0.0018,t
2024,0,World,0.0228114,t
2024,724,Spain,1.1400000000000001e-05,t
2024,842,USA,0.022799999999999997,t
