Year,Partner ID,Partner Name,Quantity,Unit
2022,0,World,0.9458129999999999,t
2022,688,Serbia,0.9458129999999999,t
2024,0,World,7.907904599999999,t
2024,826,United Kingdom,7.809055799999999,t
2024,842,USA,0.09884879999999993,t
