Year,Partner ID,Partner Name,Quantity,Unit
2020,0,World,28.799999999999997,t
2020,528,Netherlands,28.799999999999997,t
2021,0,World,393.6018,t
2021,56,Belgium,93.6012,t
2021,233,Estonia,0.0006,t
2021,360,Indonesia,300.0,t
2024,0,World,324.40259580000003,t
2024,124,Canada,0.0096,t
2024,156,China,0.0491958,t
2024,360,Indonesia,324.0,t
2024,826,United Kingdom,0.03,t
2024,842,USA,0.3138,t
