Year,Partner ID,Partner Name,Quantity,Unit
2023,0,World,0.00027239999999999995,t
2023,842,USA,0.00027239999999999995,t
