Year,Partner ID,Partner Name,Quantity,Unit
2020,0,World,1.4309999999999998,t
2020,699,India,1.4309999999999998,t
