Year,Partner ID,Partner Name,Quantity,Unit
2022,0,World,0.1356,t
2022,392,Japan,0.08519999999999998,t
2022,842,USA,0.0504,t
2023,0,World,7.1652,t
2023,156,China,0.015,t
2023,392,Japan,0.0366,t
2023,842,USA,7.1136,t
2024,0,World,109.42620000000001,t
2024,458,Malaysia,9.897599999999999,t
2024,842,USA,99.5286,t
