Year,Partner ID,Partner Name,Quantity,Unit
2022,0,World,36.0,t
2022,156,China,36.0,t
2023,0,World,0.163554,t
2023,702,Singapore,0.163554,t
2024,0,World,0.32011799999999996,t
2024,702,Singapore,0.059154,t
2024,842,USA,0.260964,t
