Year,Partner ID,Partner Name,Quantity,Unit
2022,0,World,0.0012,t
2022,528,Netherlands,0.0012,t
2023,0,World,0.010799999999999999,t
2023,826,United Kingdom,0.010799999999999999,t
2024,0,World,0.10379999999999999,t
2024,380,Italy,0.10379999999999999,t
