Year,Partner ID,Partner Name,Quantity,Unit
2021,0,World,0.0252,t
2021,276,Germany,0.0252,t
2022,0,World,1.1946,t
2022,376,Israel,0.8327999999999999,t
2022,826,United Kingdom,0.36179999999999995,t
2023,0,World,6.09,t
2023,826,United Kingdom,6.09,t
