Year,Partner ID,Partner Name,Quantity,Unit
2020,0,World,0.0006,t
2020,842,USA,0.0006,t
2021,0,World,0.006,t
2021,842,USA,0.006,t
2023,0,World,0.0024,t
2023,842,USA,0.0024,t
2024,0,World,0.005106,t
2024,842,USA,0.005106,t
