Year,Partner ID,Partner Name,Quantity,Unit
2022,0,World,0.06126,t
2022,218,Ecuador,0.06126,t
2023,0,World,0.076174,t
2023,218,Ecuador,0.076174,t
2024,0,World,0.0176708,t
2024,218,Ecuador,0.004,t
2024,484,Mexico,0.0136708,t
