Year,Partner ID,Partner Name,Quantity,Unit
2020,0,World,0.002,t
2020,705,Slovenia,0.002,t
2023,0,World,0.006240000000000001,t
2023,688,Serbia,0.006240000000000001,t
