Year,Partner ID,Partner Name,Quantity,Unit
2020,0,World,1.6124280000000002,t
2020,156,China,0.000228,t
2020,410,Rep. of Korea,0.10020000000000001,t
2020,528,Netherlands,1.512,t
2021,0,World,0.002004,t
2021,156,China,0.002004,t
2022,0,World,2e-05,t
2022,156,China,2e-05,t
2023,0,World,4.4e-05,t
2023,156,China,4.4e-05,t
