Year,Partner ID,Partner Name,Quantity,Unit
2020,0,World,0.1072,t
2020,191,Croatia,0.0008,t
2020,203,Czechia,0.06559999999999999,t
2020,616,Poland,0.040799999999999996,t
2021,0,World,0.0002,t
2021,191,Croatia,0.0002,t
2022,0,World,0.060204,t
2022,191,Croatia,0.000204,t
2022,203,Czechia,0.02,t
2022,616,Poland,0.04,t
2023,0,World,0.052020000000000004,t
2023,191,Croatia,0.000192,t
2023,616,Poland,0.032,t
2023,752,Sweden,0.019828,t
2024,0,World,0.000488,t
2024,191,Croatia,0.000488,t
