Year,Partner ID,Partner Name,Quantity,Unit
2021,0,World,1.0481600000000002,t
2021,156,China,1.0481600000000002,t
2022,0,World,1.792,t
2022,156,China,1.792,t
2024,0,World,7.6e-07,t
2024,646,Rwanda,7.6e-07,t
