Year,Partner ID,Partner Name,Quantity,Unit
2020,0,World,0.006144,t
2020,702,Singapore,0.0030800000000000003,t
2020,764,Thailand,0.0030640000000000003,t
2022,0,World,0.001952,t
2022,764,Thailand,0.001952,t
2023,0,World,1.7987924000000002,t
2023,116,Cambodia,8e-06,t
2023,360,Indonesia,0.00668,t
2023,392,Japan,4.0000000000000003e-07,t
2023,699,India,1.78,t
2023,764,Thailand,0.012104,t
2024,0,World,0.002216,t
2024,704,Viet Nam,0.002216,t
