Year,Partner ID,Partner Name,Quantity,Unit
2020,0,World,0.0015760000000000001,t
2020,380,Italy,0.0015760000000000001,t
