Year,Partner ID,Partner Name,Quantity,Unit
2020,0,World,0.05282851200000001,t
2020,36,Australia,0.049443,t
2020,242,Fiji,0.000904392,t
2020,842,USA,0.00248112,t
2021,0,World,0.111618124,t
2021,36,Australia,0.111618124,t
