Year,Partner ID,Partner Name,Quantity,Unit
2022,0,World,1.4040000000000001,t
2022,76,Brazil,1.4040000000000001,t
