Year,Partner ID,Partner Name,Quantity,Unit
2020,0,World,0.028212,t
2020,76,Brazil,0.000156,t
2020,724,Spain,0.028056,t
2021,0,World,0.012603999999999999,t
2021,218,Ecuador,0.0005,t
2021,724,Spain,0.012032000000000001,t
2021,804,Ukraine,7.2e-05,t
2022,0,World,0.127996,t
2022,724,Spain,0.127996,t
2023,0,World,0.032015999999999996,t
2023,724,Spain,0.032015999999999996,t
2024,0,World,0.091112,t
2024,504,Morocco,0.012032000000000001,t
2024,724,Spain,0.07908,t
