Year,Partner ID,Partner Name,Quantity,Unit
2020,0,World,5.98239999999996e-05,t
2020,251,France,7.824e-06,t
2020,380,Italy,4e-05,t
2020,724,Spain,1.2e-05,t
2021,0,World,0.010832000000000001,t
2021,372,Ireland,0.0054,t
2021,757,Switzerland,0.005432,t
2022,0,World,0.0055,t
2022,372,Ireland,0.001544,t
2022,757,Switzerland,0.003956,t
2023,0,World,6e-05,t
2023,348,Hungary,6e-05,t
2024,0,World,1.104e-06,t
2024,348,Hungary,1.104e-06,t
