Year,Partner ID,Partner Name,Quantity,Unit
2020,0,World,0.37017140000000004,t
2020,51,Armenia,0.064,t
2020,112,Belarus,0.0507712,t
2020,398,Kazakhstan,0.013988200000000001,t
2020,417,Kyrgyzstan,0.032,t
2020,498,Rep. of Moldova,1.2e-05,t
2020,804,Ukraine,0.1734,t
2020,860,Uzbekistan,0.036000000000000004,t
2021,0,World,0.5563,t
2021,112,Belarus,0.048,t
2021,398,Kazakhstan,0.10640000000000001,t
2021,496,Mongolia,0.268,t
2021,804,Ukraine,0.13390000000000002,t
