Year,Partner ID,Partner Name,Quantity,Unit
2021,0,World,0.025808,t
2021,251,France,0.02,t
2021,499,Montenegro,0.001776,t
2021,705,Slovenia,0.004032,t
2022,0,World,0.00048,t
2022,376,Israel,0.00048,t
2024,0,World,0.00026743599999999964,t
2024,499,Montenegro,0.00026743599999999964,t
