Year,Partner ID,Partner Name,Quantity,Unit
2022,0,World,0.0008047999999999999,t
2022,344,"China, Hong Kong SAR",0.0006648,t
2022,124,Canada,0.00014000000000000001,t
