Year,Partner ID,Partner Name,Quantity,Unit
2021,0,World,0.1036,t
2021,499,Montenegro,0.1036,t
2022,0,World,0.0030800000000000003,t
2022,688,Serbia,0.0030800000000000003,t
