Year,Partner ID,Partner Name,Quantity,Unit
2020,0,World,9.2e-05,t
2020,251,France,9.2e-05,t
2021,0,World,0.10932,t
2021,251,France,0.012,t
2021,380,Italy,0.08926,t
2021,642,Romania,0.007468,t
2021,842,USA,0.000592,t
2022,826,United Kingdom,8e-06,t
2022,276,Germany,8e-06,t
2022,0,World,1.6e-05,t
2023,0,World,0.005267148,t
2023,156,China,3.6e-05,t
2023,203,Czechia,0.005231148000000001,t
2024,0,World,0.10723200000000001,t
2024,251,France,0.02,t
2024,276,Germany,0.0872,t
2024,348,Hungary,3.2e-05,t
