Year,Partner ID,Partner Name,Quantity,Unit
2021,0,World,0.138826536,t
2021,104,Myanmar,0.13852,t
2021,392,Japan,0.000262536,t
2021,702,Singapore,4.4e-05,t
2022,0,World,0.317221984,t
2022,104,Myanmar,0.3168,t
2022,344,"China, Hong Kong SAR",4e-06,t
2022,360,Indonesia,0.000412,t
2022,458,Malaysia,5.984e-06,t
2023,0,World,0.0504,t
2023,104,Myanmar,0.0504,t
2024,0,World,4.171999999999599e-06,t
2024,392,Japan,1.72e-07,t
2024,608,Philippines,4e-06,t
