Year,Partner ID,Partner Name,Quantity,Unit
2020,0,World,0.0018,t
2020,276,Germany,0.0018,t
2022,0,World,3.061812,t
2022,276,Germany,0.000612,t
2022,643,Russian Federation,3.0,t
2022,826,United Kingdom,0.06119999999999999,t
2023,0,World,0.156,t
2023,56,Belgium,0.156,t
2024,0,World,0.533706,t
2024,56,Belgium,0.0495,t
2024,124,Canada,0.003,t
2024,156,China,0.3,t
2024,251,France,0.0594,t
2024,752,Sweden,0.1218,t
2024,842,USA,6e-06,t
