Year,Partner ID,Partner Name,Quantity,Unit
2020,0,World,0.0102,t
2020,276,Germany,0.009,t
2020,410,Rep. of Korea,0.0012,t
2021,0,World,0.0260292,t
2021,76,Brazil,0.013231199999999999,t
2021,710,South Africa,0.012797999999999999,t
