Year,Partner ID,Partner Name,Quantity,Unit
2022,0,World,0.06584999999999999,t
2022,792,Türkiye,0.06584999999999999,t
2023,0,World,0.026436,t
2023,276,Germany,0.018,t
2023,792,Türkiye,0.008435999999999999,t
2024,0,World,0.23399999999999999,t
2024,156,China,0.054,t
2024,276,Germany,0.18,t
