Year,Partner ID,Partner Name,Quantity,Unit
2021,0,World,0.046211999999999934,t
2021,156,China,0.046211999999999934,t
