Year,Partner ID,Partner Name,Quantity,Unit
2021,0,World,0.053595,t
2021,156,China,0.0077496,t
2021,276,Germany,0.0315432,t
2021,579,Norway,0.010756199999999999,t
2021,752,Sweden,0.0035453999999999998,t
2022,0,World,0.10439999999999999,t
2022,156,China,0.0006,t
2022,276,Germany,0.045599999999999995,t
2022,344,"China, Hong Kong SAR",0.0018,t
2022,752,Sweden,0.05279999999999999,t
2022,826,United Kingdom,0.0036,t
2023,0,World,0.0018,t
2023,842,USA,0.0018,t
