Year,Partner ID,Partner Name,Quantity,Unit
2020,0,World,14.8224,t
2020,156,China,6.3,t
2020,380,Italy,0.048,t
2020,784,United Arab Emirates,1.6320000000000001,t
2020,792,Türkiye,6.8424,t
2021,0,World,55.3536,t
2021,156,China,18.006,t
2021,784,United Arab Emirates,31.152,t
2021,792,Türkiye,6.0156,t
2021,276,Germany,0.18,t
2022,0,World,66.9006,t
2022,156,China,61.818,t
2022,276,Germany,0.9179999999999999,t
2022,784,United Arab Emirates,1.14,t
2022,792,Türkiye,3.0246,t
