Year,Partner ID,Partner Name,Quantity,Unit
2020,0,World,0.054,t
2020,276,Germany,0.054,t
2022,0,World,0.20639999999999997,t
2022,156,China,0.03,t
2022,276,Germany,0.0504,t
2022,642,Romania,0.126,t
2023,0,World,0.34319999999999995,t
2023,156,China,0.1404,t
2023,276,Germany,0.1398,t
2023,792,Türkiye,0.063,t
2024,0,World,0.8603999999999999,t
2024,156,China,0.40800000000000003,t
2024,276,Germany,0.20400000000000001,t
2024,642,Romania,0.0084,t
2024,792,Türkiye,0.24,t
