Year,Partner ID,Partner Name,Quantity,Unit
2023,0,World,0.00039,t
2023,208,Denmark,0.00039,t
2024,0,World,0.0008100000000000001,t
2024,100,Bulgaria,0.00027,t
2024,842,USA,0.00054,t
