Year,Partner ID,Partner Name,Quantity,Unit
2020,0,World,0.0006,t
2020,699,India,0.0006,t
2021,0,World,0.001176,t
2021,699,India,0.001176,t
2023,0,World,0.004835999999999999,t
2023,826,United Kingdom,0.004835999999999999,t
2024,0,World,0.0192,t
2024,826,United Kingdom,0.0192,t
