Year,Partner ID,Partner Name,Quantity,Unit
2020,0,World,0.15,t
2020,484,Mexico,0.15,t
2022,0,World,0.16547399999999998,t
2022,124,Canada,0.16547399999999998,t
2023,0,World,0.16574399999999997,t
2023,124,Canada,0.16574399999999997,t
2024,0,World,0.31583999999999995,t
2024,124,Canada,0.31583999999999995,t
