Year,Partner ID,Partner Name,Quantity,Unit
2020,0,World,0.42,t
2020,792,Türkiye,0.42,t
2021,0,World,0.44999999999999996,t
2021,792,Türkiye,0.44999999999999996,t
2022,0,World,0.3,t
2022,792,Türkiye,0.3,t
2023,0,World,0.8999999999999999,t
2023,792,Türkiye,0.8999999999999999,t
2024,0,World,1.2,t
2024,792,Türkiye,1.2,t
