Year,Partner ID,Partner Name,Quantity,Unit
2021,0,World,0.00075,t
2021,699,India,0.00075,t
2022,0,World,18.8564136,t
2022,643,Russian Federation,18.8564136,t
2023,0,World,23.189999999999998,t
2023,246,Finland,23.04,t
2023,699,India,0.15,t
