Year,Partner ID,Partner Name,Quantity,Unit
2020,0,World,0.21002400000000002,t
2020,251,France,0.21,t
2020,276,Germany,2.4e-05,t
2021,0,World,0.18,t
2021,251,France,0.18,t
2022,0,World,7.3919999999999995,t
2022,36,Australia,7.212,t
2022,251,France,0.18,t
2023,0,World,0.09,t
2023,251,France,0.09,t
2024,0,World,2.7077999999999998,t
2024,246,Finland,2.3988,t
2024,251,France,0.3,t
2024,276,Germany,0.009,t
