Year,Partner ID,Partner Name,Quantity,Unit
2020,0,World,1.6506420000000002,t
2020,579,Norway,0.0126,t
2020,699,India,1.638042,t
2021,0,World,0.20693999999999999,t
2021,699,India,0.20693999999999999,t
2022,0,World,1.4147399999999999,t
2022,512,Oman,1.14024,t
2022,579,Norway,0.192,t
2022,699,India,0.0825,t
2023,0,World,0.0198354,t
2023,699,India,0.0198354,t
