Year,Partner ID,Partner Name,Quantity,Unit
2020,0,World,13.315800000000001,t
2020,124,Canada,2.4,t
2020,579,Norway,1.7999999999999998,t
2020,643,Russian Federation,1.7999999999999998,t
2020,705,Slovenia,3.7157999999999998,t
2020,792,Türkiye,1.2,t
2020,826,United Kingdom,2.4,t
2021,0,World,1.2,t
2021,643,Russian Federation,1.2,t
2023,0,World,0.06,t
2023,710,South Africa,0.06,t
2024,0,World,0.12,t
2024,705,Slovenia,0.12,t
