Year,Partner ID,Partner Name,Quantity,Unit
2020,0,World,0.081,t
2020,579,Norway,0.081,t
2021,0,World,0.16140000000000002,t
2021,579,Norway,0.16140000000000002,t
2022,0,World,0.2352,t
2022,579,Norway,0.2352,t
2023,0,World,0.10859999999999999,t
2023,579,Norway,0.10859999999999999,t
2024,0,World,0.129,t
2024,579,Norway,0.129,t
