Year,Partner ID,Partner Name,Quantity,Unit
2020,0,World,0.7494000000000001,t
2020,699,India,0.7494000000000001,t
2021,0,World,1.0062,t
2021,699,India,1.0062,t
2022,0,World,0.7889999999999999,t
2022,699,India,0.7889999999999999,t
