Year,Partner ID,Partner Name,Quantity,Unit
2020,0,World,163.2012786,t
2020,112,Belarus,0.06,t
2020,156,China,0.0017046000000000001,t
2020,276,Germany,0.011099999999999999,t
2020,392,Japan,0.003234,t
2020,528,Netherlands,59.4978,t
2020,579,Norway,95.04119999999999,t
2020,616,Poland,0.036,t
2020,804,Ukraine,0.09,t
2020,826,United Kingdom,8.459999999999999,t
2020,899,"Areas, nes",0.00024,t
