Year,Partner ID,Partner Name,Quantity,Unit
2020,0,World,1.2,t
2020,643,Russian Federation,1.2,t
2022,0,World,0.0021876,t
2022,76,Brazil,0.00091379999999994,t
2022,380,Italy,0.0012737999999999998,t
2023,0,World,1.0052771999999999,t
2023,76,Brazil,0.2852772,t
2023,643,Russian Federation,0.72,t
