Year,Partner ID,Partner Name,Quantity,Unit
2022,0,World,0.013160000000000002,t
2022,196,Cyprus,0.013160000000000002,t
2023,0,World,3.29,t
2023,364,Iran,3.29,t
2024,0,World,0.0016450000000000002,t
2024,642,Romania,0.0016450000000000002,t
