Year,Partner ID,Partner Name,Quantity,Unit
2020,0,World,0.062181,t
2020,288,Ghana,0.031584,t
2020,699,India,0.02961,t
2020,842,USA,0.000987,t
2024,0,World,0.0,
2024,842,USA,0.0,
