Year,Partner ID,Partner Name,Quantity,Unit
2020,0,World,0.0013160000000000001,t
2020,862,Venezuela,0.0013160000000000001,t
2021,0,World,0.00554036,t
2021,862,Venezuela,0.00554036,t
