Year,Partner ID,Partner Name,Quantity,Unit
2020,0,World,0.332619,t
2020,192,Cuba,0.332619,t
2023,0,World,0.0235235,t
2023,340,Honduras,0.0136535,t
2023,591,Panama,0.00987,t
2024,0,World,0.016450000000000003,t
2024,320,Guatemala,0.016450000000000003,t
