Year,Partner ID,Partner Name,Quantity,Unit
2021,0,World,0.0032900000000000004,t
2021,705,Slovenia,0.0032900000000000004,t
2022,0,World,0.000987,t
2022,705,Slovenia,0.000987,t
2023,0,World,0.00032900000000000003,t
2023,705,Slovenia,0.00032900000000000003,t
