Year,Partner ID,Partner Name,Quantity,Unit
2020,0,World,1.251845,t
2020,440,Lithuania,0.0016450000000000002,t
2020,643,Russian Federation,1.2502,t
2021,0,World,3.5089166,t
2021,440,Lithuania,0.0215166,t
2021,643,Russian Federation,3.4874,t
2022,0,World,5.201819,t
2022,440,Lithuania,0.0052640000000000004,t
2022,643,Russian Federation,5.196555,t
2023,0,World,1.46405,t
2023,643,Russian Federation,1.46405,t
