Year,Partner ID,Partner Name,Quantity,Unit
2020,0,World,0.12993854999999999,t
2020,52,Barbados,0.12993854999999999,t
