Year,Partner ID,Partner Name,Quantity,Unit
2021,0,World,0.08554,t
2021,188,Costa Rica,0.08554,t
2024,0,World,0.016450000000000003,t
2024,188,Costa Rica,0.016450000000000003,t
