Year,Partner ID,Partner Name,Quantity,Unit
2020,0,World,0.008225000000000001,t
2020,764,Thailand,0.008225000000000001,t
