Year,Partner ID,Partner Name,Quantity,Unit
2020,0,World,0.003948,t
2020,704,Viet Nam,0.003948,t
2021,0,World,0.003619,t
2021,251,France,0.00032900000000000003,t
2021,344,"China, Hong Kong SAR",0.0026320000000000002,t
2021,724,Spain,0.0006580000000000001,t
2022,0,World,4.7816860000000005,t
2022,440,Lithuania,2.535603,t
2022,528,Netherlands,2.246083,t
2023,0,World,8.556632,t
2023,440,Lithuania,2.535603,t
2023,528,Netherlands,6.0210289999999995,t
