Year,Partner ID,Partner Name,Quantity,Unit
2022,0,World,0.02931982199999997,t
2022,634,Qatar,0.02931982199999997,t
