Year,Partner ID,Partner Name,Quantity,Unit
2020,0,World,0.06580000000000001,t
2020,108,Burundi,0.06580000000000001,t
2021,0,World,0.390194,t
2021,108,Burundi,0.390194,t
2022,0,World,0.28688800000000003,t
2022,108,Burundi,0.28688800000000003,t
2023,0,World,0.90804,t
2023,108,Burundi,0.90804,t
2024,0,World,0.5675250000000001,t
2024,108,Burundi,0.5264000000000001,t
2024,646,Rwanda,0.041125,t
