Year,Partner ID,Partner Name,Quantity,Unit
2020,0,World,0.26320000000000005,t
2020,760,Syria,0.26320000000000005,t
