Year,Partner ID,Partner Name,Quantity,Unit
2020,0,World,0.000987,t
2020,528,Netherlands,0.000987,t
2022,0,World,0.018659235,t
2022,826,United Kingdom,0.018659235,t
2024,0,World,0.0015374170000000001,t
2024,860,Uzbekistan,0.0015374170000000001,t
