Year,Partner ID,Partner Name,Quantity,Unit
2020,0,World,0.59284155,t
2020,643,Russian Federation,0.00064155,t
2020,860,Uzbekistan,0.5922000000000001,t
2021,0,World,0.7402500000000001,t
2021,860,Uzbekistan,0.7402500000000001,t
2022,0,World,0.000534625,t
2022,376,Israel,0.000534625,t
2023,0,World,0.000534625,t
2023,376,Israel,0.000534625,t
2024,0,World,0.032900000000000006,t
2024,233,Estonia,0.032900000000000006,t
