Year,Partner ID,Partner Name,Quantity,Unit
2020,0,World,6.90899999999671e-05,t
2020,724,Spain,6.90899999999671e-05,t
