Year,Partner ID,Partner Name,Quantity,Unit
2020,0,World,0.006580000000000001,t
2020,818,Egypt,0.006580000000000001,t
