Year,Partner ID,Partner Name,Quantity,Unit
2024,0,World,0.005593000000000001,t
2024,152,Chile,0.005593000000000001,t
