Year,Partner ID,Partner Name,Quantity,Unit
2020,0,World,0.2983372,t
2020,51,Armenia,6.58e-05,t
2020,112,Belarus,0.1495634,t
2020,398,Kazakhstan,0.148708,t
2021,0,World,6.18944739,t
2021,56,Belgium,5.907524,t
2021,112,Belarus,0.13387339,t
2021,380,Italy,0.0987,t
2021,398,Kazakhstan,0.04935,t
