Year,Partner ID,Partner Name,Quantity,Unit
2021,0,World,0.82908,t
2021,400,Jordan,0.82908,t
2022,0,World,0.0052640000000000004,t
2022,276,Germany,0.0052640000000000004,t
2024,0,World,4.5813250000000005,t
2024,784,United Arab Emirates,4.5813250000000005,t
