Year,Partner ID,Partner Name,Quantity,Unit
2020,0,World,0.005699267000000001,t
2020,499,Montenegro,0.005699267000000001,t
2024,0,World,0.018784583999999965,t
2024,51,Armenia,0.010888583999999969,t
2024,376,Israel,0.007896,t
