Year,Partner ID,Partner Name,Quantity,Unit
2023,0,World,0.00032900000000000003,t
2023,100,Bulgaria,0.00032900000000000003,t
2024,0,World,0.651749,t
2024,40,Austria,0.2303,t
2024,100,Bulgaria,0.00032900000000000003,t
2024,804,Ukraine,0.42112000000000005,t
