Year,Partner ID,Partner Name,Quantity,Unit
2020,0,World,0.237010284,t
2020,392,Japan,0.19488051800000003,t
2020,410,Rep. of Korea,0.042129437,t
2021,0,World,0.32992152900000005,t
2021,392,Japan,0.32992152900000005,t
2022,0,World,0.28048500200000004,t
2022,392,Japan,0.28048500200000004,t
2023,0,World,0.0,
2023,392,Japan,0.0,
