Year,Partner ID,Partner Name,Quantity,Unit
2020,0,World,0.0007238,t
2020,191,Croatia,0.0006580000000000001,t
2020,643,Russian Federation,6.58e-05,t
2022,0,World,0.00034314699999996707,t
2022,70,Bosnia Herzegovina,0.00034314699999996707,t
2023,0,World,0.06580000000000001,t
2023,616,Poland,0.06580000000000001,t
2024,0,World,0.016450000000000003,t
2024,32,Argentina,0.016450000000000003,t
