Year,Partner ID,Partner Name,Quantity,Unit
2022,0,World,0.00032900000000000003,t
2022,710,South Africa,0.00032900000000000003,t
2023,0,World,0.0,
2023,710,South Africa,0.0,
