Year,Partner ID,Partner Name,Quantity,Unit
2020,0,World,2.632,t
2020,76,Brazil,2.632,t
2021,0,World,0.03619,t
2021,404,Kenya,0.03619,t
2022,0,World,5.936147,t
2022,76,Brazil,2.632,t
2022,586,Pakistan,0.49942200000000003,t
2022,699,India,0.665896,t
2022,860,Uzbekistan,2.1388290000000003,t
2023,0,World,12.52832,t
2023,31,Azerbaijan,0.68432,t
2023,76,Brazil,11.844000000000001,t
