Year,Partner ID,Partner Name,Quantity,Unit
2024,0,World,0.008225000000000001,t
2024,100,Bulgaria,0.008225000000000001,t
