Year,Partner ID,Partner Name,Quantity,Unit
2020,0,World,0.0012130229999999672,t
2020,8,Albania,0.0012130229999999672,t
