Year,Partner ID,Partner Name,Quantity,Unit
2020,0,World,0.00032900000000000003,t
2020,710,South Africa,0.00032900000000000003,t
2023,0,World,0.0004935,t
2023,826,United Kingdom,0.0004935,t
