Year,Partner ID,Partner Name,Quantity,Unit
2021,0,World,11.0873,t
2021,480,Mauritius,11.0873,t
2022,0,World,1079.631924,t
2022,757,Switzerland,10.730993,t
2022,834,United Rep. of Tanzania,1068.900931,t
2023,0,World,1563.481696,t
2023,710,South Africa,1563.481696,t
2024,0,World,3089.0626249,t
2024,410,Rep. of Korea,0.0006908999999999999,t
2024,710,South Africa,3047.04995,t
2024,156,China,42.011984,t
