Year,Partner ID,Partner Name,Quantity,Unit
2024,0,World,2.3573999999999997,t
2024,56,Belgium,2.3573999999999997,t
