Year,Partner ID,Partner Name,Quantity,Unit
2020,0,World,0.0006,t
2020,251,France,0.0006,t
2022,0,World,0.0012,t
2022,156,China,0.0006,t
2022,410,Rep. of Korea,0.0006,t
2023,0,World,0.006599999999999999,t
2023,40,Austria,0.0006,t
2023,842,USA,0.006,t
2024,0,World,0.0079014,t
2024,156,China,0.0079014,t
