Year,Partner ID,Partner Name,Quantity,Unit
2020,0,World,0.006,t
2020,842,USA,0.006,t
2021,0,World,0.7392,t
2021,842,USA,0.7392,t
2022,0,World,0.3744,t
2022,156,China,0.37079999999999996,t
2022,842,USA,0.0036,t
2023,0,World,0.005399999999999999,t
2023,156,China,0.005399999999999999,t
