Year,Partner ID,Partner Name,Quantity,Unit
2022,0,World,0.07079999999999999,t
2022,246,Finland,0.07079999999999999,t
2023,0,World,14.4618,t
2023,458,Malaysia,14.4618,t
2024,0,World,10.9446,t
2024,554,New Zealand,10.9446,t
