Year,Partner ID,Partner Name,Quantity,Unit
2023,0,World,7.199999999999999,t
2023,616,Poland,7.199999999999999,t
