Year,Partner ID,Partner Name,Quantity,Unit
2020,0,World,18.7250555,t
2020,376,Israel,18.7250555,t
2021,0,World,66.414186,t
2021,376,Israel,66.414186,t
2022,0,World,18.4844225,t
2022,376,Israel,18.4844225,t
2023,0,World,30.401199,t
2023,376,Israel,30.401199,t
