Year,Partner ID,Partner Name,Quantity,Unit
2021,0,World,4.0911975,t
2021,699,India,4.0911975,t
2022,0,World,24.6862685,t
2022,528,Netherlands,5.5742555,t
2022,842,USA,19.112013,t
2023,0,World,7.0439365,t
2023,842,USA,7.0439365,t
