Year,Partner ID,Partner Name,Quantity,Unit
2020,0,World,0.5055,t
2020,276,Germany,0.5055,t
2021,0,World,0.5825,t
2021,276,Germany,0.5825,t
2022,0,World,2.80975,t
2022,251,France,0.083,t
2022,276,Germany,2.72675,t
2023,0,World,1.1765,t
2023,251,France,0.0985,t
2023,276,Germany,1.078,t
2024,0,World,2.098,t
2024,251,France,0.755,t
2024,276,Germany,1.343,t
