Year,Partner ID,Partner Name,Quantity,Unit
2020,0,World,1330.981176,t
2020,842,USA,1330.981176,t
2021,0,World,1073.295,t
2021,842,USA,1073.295,t
2022,0,World,1262.935,t
2022,842,USA,1262.935,t
2023,0,World,2035.65,t
2023,842,USA,2035.65,t
2024,0,World,1427.624,t
2024,842,USA,1427.624,t
