Year,Partner ID,Partner Name,Quantity,Unit
2020,0,World,25.0,t
2020,699,India,25.0,t
2021,0,World,8.5,t
2021,699,India,8.5,t
2022,0,World,16.0,t
2022,699,India,7.0,t
2022,702,Singapore,9.0,t
2023,0,World,16.529773000000002,t
2023,699,India,16.529773000000002,t
2024,0,World,107.0,t
2024,699,India,93.5,t
2024,702,Singapore,13.5,t
