Year,Partner ID,Partner Name,Quantity,Unit
2020,0,World,0.099005,t
2020,251,France,0.099005,t
2021,0,World,3.652,t
2021,251,France,3.652,t
2022,0,World,5.41475,t
2022,251,France,5.41475,t
2023,0,World,2.807,t
2023,251,France,2.807,t
