Year,Partner ID,Partner Name,Quantity,Unit
2020,0,World,3.0453555000000003,t
2020,699,India,3.0453555000000003,t
