Year,Partner ID,Partner Name,Quantity,Unit
2020,0,World,2.746008,t
2020,392,Japan,2.323706,t
2020,842,USA,0.422302,t
2021,0,World,5.4591525,t
2021,392,Japan,3.3656170000000003,t
2021,702,Singapore,1.4802305,t
2021,842,USA,0.6133044999999999,t
2022,0,World,42.558057500000004,t
2022,392,Japan,3.5681055,t
2022,410,Rep. of Korea,38.6353645,t
2022,842,USA,0.3545875,t
2023,0,World,75.610777,t
2023,392,Japan,1.23511,t
2023,410,Rep. of Korea,71.8514225,t
2023,842,USA,2.524244,t
