Year,Partner ID,Partner Name,Quantity,Unit
2020,0,World,95.235,t
2020,251,France,95.235,t
2021,0,World,86.776,t
2021,251,France,86.776,t
2022,0,World,65.497,t
2022,251,France,61.607,t
2022,784,United Arab Emirates,3.89,t
2023,0,World,74.375,t
2023,251,France,72.16,t
2023,784,United Arab Emirates,2.215,t
2024,0,World,101.56736350000001,t
2024,251,France,84.1597175,t
2024,784,United Arab Emirates,17.407646,t
