Year,Partner ID,Partner Name,Quantity,Unit
2020,0,World,0.10154879999999993,t
2020,554,New Zealand,0.10154879999999993,t
