Year,Partner ID,Partner Name,Quantity,Unit
2023,0,World,0.0007740000000000001,t
2023,504,Morocco,0.0007740000000000001,t
