Year,Partner ID,Partner Name,Quantity,Unit
2021,0,World,42.260400000000004,t
2021,818,Egypt,42.260400000000004,t
