Year,Partner ID,Partner Name,Quantity,Unit
2020,0,World,0.00017802,t
2020,842,USA,0.00017802,t
2022,0,World,0.020947536000000003,t
2022,780,Trinidad and Tobago,0.006579000000000001,t
2022,842,USA,0.014368536000000001,t
2023,0,World,0.0031733999999999226,t
2023,842,USA,0.0031733999999999226,t
2024,0,World,0.0015789600000000001,t
2024,842,USA,0.0015789600000000001,t
