Year,Partner ID,Partner Name,Quantity,Unit
2020,0,World,0.20381742,t
2020,842,USA,0.20381742,t
2022,0,World,0.0003483,t
2022,842,USA,0.0003483,t
2023,0,World,0.0007740000000000001,t
2023,842,USA,0.0007740000000000001,t
