Year,Partner ID,Partner Name,Quantity,Unit
2020,0,World,18.44643627,t
2020,56,Belgium,18.44643627,t
2021,0,World,39.378052638,t
2021,56,Belgium,15.150228786,t
2021,268,Georgia,24.227823852,t
2022,0,World,56.370724182000004,t
2022,56,Belgium,15.635227248,t
2022,76,Brazil,40.735497708,t
2023,0,World,158.33402208,t
2023,76,Brazil,140.503278816,t
2023,156,China,17.830743264000002,t
