Year,Partner ID,Partner Name,Quantity,Unit
2020,0,World,41.796,t
2020,156,China,41.796,t
2021,0,World,113.517189864,t
2021,156,China,107.586,t
2021,699,India,2.061189864,t
2021,842,USA,3.87,t
2022,0,World,8.514,t
2022,699,India,8.514,t
2023,0,World,83.592774,t
2023,156,China,83.592,t
2023,842,USA,0.0007740000000000001,t
