Year,Partner ID,Partner Name,Quantity,Unit
2021,0,World,3.87,t
2021,710,South Africa,3.87,t
2022,0,World,0.10836000000000001,t
2022,710,South Africa,0.10836000000000001,t
2023,0,World,0.09675,t
2023,710,South Africa,0.09675,t
2024,0,World,0.15480000000000002,t
2024,156,China,0.15480000000000002,t
