Year,Partner ID,Partner Name,Quantity,Unit
2021,0,World,7.740000000000001e-05,t
2021,699,India,7.740000000000001e-05,t
2022,0,World,0.0203175,t
2022,699,India,0.0203175,t
2024,0,World,0.00038700000000000003,t
2024,699,India,0.00038700000000000003,t
