Year,Partner ID,Partner Name,Quantity,Unit
2022,0,World,0.0007740000000000001,t
2022,826,United Kingdom,0.0007740000000000001,t
2023,0,World,0.013158000000000001,t
2023,156,China,0.00387,t
2023,344,"China, Hong Kong SAR",0.009288000000000001,t
2024,0,World,0.01548,t
2024,156,China,0.0030960000000000002,t
2024,344,"China, Hong Kong SAR",0.012384000000000001,t
