Year,Partner ID,Partner Name,Quantity,Unit
2020,0,World,2.58516,t
2020,579,Norway,2.58516,t
2021,0,World,0.0005805000000000001,t
2021,826,United Kingdom,0.0005805000000000001,t
2023,0,World,0.038265012,t
2023,376,Israel,0.038265012,t
