Year,Partner ID,Partner Name,Quantity,Unit
2021,0,World,23.49864,t
2021,842,USA,23.49864,t
2023,0,World,0.0015402600000000001,t
2023,688,Serbia,0.0015402600000000001,t
2024,0,World,0.00015480000000000002,t
2024,276,Germany,0.00015480000000000002,t
