Year,Partner ID,Partner Name,Quantity,Unit
2022,0,World,1028.175096852,t
2022,48,Bahrain,246.13845361199998,t
2022,56,Belgium,136.034441208,t
2022,586,Pakistan,24.631325532,t
2022,784,United Arab Emirates,526.47670791,t
2022,842,USA,94.89416858999999,t
2023,0,World,694.573678836,t
2023,56,Belgium,59.435189099999995,t
2023,704,Viet Nam,81.63432799200001,t
2023,784,United Arab Emirates,553.48770186,t
2023,826,United Kingdom,0.01645911,t
