Year,Partner ID,Partner Name,Quantity,Unit
2022,0,World,0.00407124,t
2022,710,South Africa,0.00407124,t
2023,0,World,1.2353040000000002,t
2023,710,South Africa,1.2353040000000002,t
2024,0,World,7.212503519999999,t
2024,710,South Africa,7.212503519999999,t
