Year,Partner ID,Partner Name,Quantity,Unit
2022,0,World,0.0113778,t
2022,156,China,0.0113778,t
2023,0,World,7.740000000000001e-05,t
2023,842,USA,7.740000000000001e-05,t
2024,0,World,0.0,
2024,842,USA,0.0,
