Year,Partner ID,Partner Name,Quantity,Unit
2020,0,World,0.244584,t
2020,699,India,0.244584,t
2021,0,World,1.272456,t
2021,699,India,1.272456,t
2022,0,World,2.015496,t
2022,699,India,2.015496,t
