Year,Partner ID,Partner Name,Quantity,Unit
2020,0,World,3.39012,t
2020,344,"China, Hong Kong SAR",0.13932,t
2020,702,Singapore,2.322,t
2020,36,Australia,0.9288,t
2022,0,World,1.9200076200000002,t
2022,156,China,1.13004,t
2022,36,Australia,0.78996762,t
2023,0,World,469.502208,t
2023,842,USA,121.3632,t
2023,156,China,27.864,t
2023,36,Australia,191.0232,t
2023,458,Malaysia,129.25180799999998,t
