Year,Partner ID,Partner Name,Quantity,Unit
2020,0,World,4.257,t
2020,710,South Africa,4.257,t
2022,0,World,2.4381,t
2022,710,South Africa,2.4381,t
2023,0,World,4.092138,t
2023,710,South Africa,1.7028,t
2023,894,Zambia,2.3893380000000004,t
2024,0,World,2.0898000000000003,t
2024,710,South Africa,2.0898000000000003,t
