Year,Partner ID,Partner Name,Quantity,Unit
2020,0,World,0.0007740000000000001,t
2020,710,South Africa,0.0007740000000000001,t
2021,0,World,0.042570000000000004,t
2021,710,South Africa,0.042570000000000004,t
2023,0,World,0.0015480000000000001,t
2023,710,South Africa,0.0015480000000000001,t
