Year,Partner ID,Partner Name,Quantity,Unit
2020,0,World,0.008513999999999999,t
2020,579,Norway,0.008513999999999999,t
2021,0,World,7.044948000000001,t
2021,842,USA,7.044948000000001,t
2024,0,World,0.026316000000000003,t
2024,842,USA,0.026316000000000003,t
