Year,Partner ID,Partner Name,Quantity,Unit
2020,0,World,1.941966,t
2020,699,India,1.935,t
2020,710,South Africa,0.00387,t
2020,826,United Kingdom,0.0030960000000000002,t
2022,0,World,14.321322,t
2022,710,South Africa,0.0023220000000000003,t
2022,699,India,14.319,t
