Year,Partner ID,Partner Name,Quantity,Unit
2021,0,World,0.06240607200000001,t
2021,56,Belgium,0.025226982,t
2021,276,Germany,0.03717908999999992,t
2022,0,World,1.10295,t
2022,76,Brazil,0.774,t
2022,268,Georgia,0.32895,t
2023,0,World,3.4443,t
2023,56,Belgium,0.3483,t
2023,76,Brazil,2.322,t
2023,268,Georgia,0.774,t
2024,0,World,1.935,t
2024,56,Belgium,0.387,t
2024,76,Brazil,0.774,t
2024,156,China,0.774,t
