Year,Partner ID,Partner Name,Quantity,Unit
2020,0,World,6.124970826,t
2020,710,South Africa,6.124970826,t
2022,0,World,0.02835936,t
2022,699,India,0.02835936,t
