Year,Partner ID,Partner Name,Quantity,Unit
2020,0,World,21.289644,t
2020,410,Rep. of Korea,0.0007740000000000001,t
2020,124,Canada,8.130870000000002,t
2020,579,Norway,13.158000000000001,t
2021,0,World,0.33901200000000004,t
2021,276,Germany,0.086688,t
2021,842,USA,0.252324,t
2022,0,World,6.343704,t
2022,410,Rep. of Korea,0.0015480000000000001,t
2022,579,Norway,0.021672,t
2022,842,USA,6.320484,t
2023,0,World,0.0061920000000000005,t
2023,458,Malaysia,0.0061920000000000005,t
