Year,Partner ID,Partner Name,Quantity,Unit
2020,0,World,0.003950739999999921,t
2020,276,Germany,0.003950739999999921,t
2023,0,World,7.87e-05,t
2023,792,Türkiye,7.87e-05,t
2024,0,World,7.87e-05,t
2024,276,Germany,7.87e-05,t
