Year,Partner ID,Partner Name,Quantity,Unit
2022,0,World,0.000787,t
2022,392,Japan,0.000787,t
2023,0,World,0.007083,t
2023,156,China,0.007083,t
2024,0,World,458.15362400000004,t
2024,76,Brazil,64.294752,t
2024,156,China,393.854937,t
2024,792,Türkiye,0.003935,t
