Year,Partner ID,Partner Name,Quantity,Unit
2020,0,World,0.0,
2020,156,China,7.87e-05,t
2020,392,Japan,0.0098375,t
2020,643,Russian Federation,10.231,t
2020,842,USA,0.0,
2022,0,World,3.1127424,t
2022,56,Belgium,7.87e-05,t
2022,276,Germany,1.1805,t
2022,392,Japan,1.6488437,t
2022,826,United Kingdom,0.28332,t
2023,0,World,4.560396633,t
2023,392,Japan,4.560396633,t
2024,0,World,1.5471160800000001,t
2024,276,Germany,0.000787,t
2024,392,Japan,1.54632908,t
