Year,Partner ID,Partner Name,Quantity,Unit
2024,0,World,0.032267000000000004,t
2024,710,South Africa,0.032267000000000004,t
