Year,Partner ID,Partner Name,Quantity,Unit
2020,0,World,0.015055309999999923,t
2020,842,USA,0.015055309999999923,t
