Year,Partner ID,Partner Name,Quantity,Unit
2020,0,World,0.020066139,t
2020,792,Türkiye,0.020066139,t
2024,0,World,0.000787,t
2024,392,Japan,0.000787,t
