Year,Partner ID,Partner Name,Quantity,Unit
2020,0,World,22.311595595,t
2020,156,China,0.06455682299999992,t
2020,392,Japan,11.980509657,t
2020,490,"Other Asia, nes",10.266529115,t
2022,0,World,32.642293542000004,t
2022,156,China,0.045920663,t
2022,392,Japan,29.414337489999998,t
2022,490,"Other Asia, nes",3.182035389,t
2023,0,World,0.0,
2023,156,China,0.0,
2023,392,Japan,0.0,
2023,418,Lao People's Dem. Rep.,0.0,
2023,490,"Other Asia, nes",0.0,
2023,842,USA,0.0,
