Year,Partner ID,Partner Name,Quantity,Unit
2020,0,World,69.66524,t
2020,156,China,37.39824,t
2020,643,Russian Federation,32.267,t
2022,0,World,50.9976,t
2022,156,China,50.9976,t
2023,0,World,30.598560000000003,t
2023,156,China,30.598560000000003,t
2024,0,World,10.3967422,t
2024,36,Australia,0.0003935,t
2024,156,China,10.199520000000001,t
2024,392,Japan,0.0787,t
2024,528,Netherlands,0.03935,t
2024,616,Poland,0.0787,t
2024,699,India,7.87e-05,t
