Year,Partner ID,Partner Name,Quantity,Unit
2020,0,World,1.1441999999999999,t
2020,156,China,0.003,t
2020,276,Germany,0.7896,t
2020,380,Italy,0.06,t
2020,643,Russian Federation,0.29159999999999997,t
2021,0,World,1.3104,t
2021,156,China,0.4206,t
2021,276,Germany,0.45239999999999997,t
2021,643,Russian Federation,0.43739999999999996,t
