Year,Partner ID,Partner Name,Quantity,Unit
2022,0,World,0.004298399999999939,t
2022,276,Germany,0.004298399999999939,t
2023,0,World,0.00018299999999999998,t
2023,826,United Kingdom,0.00018299999999999998,t
