Year,Partner ID,Partner Name,Quantity,Unit
2020,0,World,0.0312,t
2020,156,China,0.0312,t
2022,0,World,0.0477,t
2022,124,Canada,0.00384,t
2022,276,Germany,0.03702,t
2022,842,USA,0.00684,t
2023,0,World,0.1034766,t
2023,842,USA,0.1034766,t
2024,0,World,0.015792,t
2024,344,"China, Hong Kong SAR",0.0064919999999999995,t
2024,490,"Other Asia, nes",0.0032999999999999995,t
2024,842,USA,0.006,t
