Year,Partner ID,Partner Name,Quantity,Unit
2024,0,World,0.23703,t
2024,276,Germany,0.23024999999999998,t
2024,842,USA,0.00678,t
