Year,Partner ID,Partner Name,Quantity,Unit
2020,0,World,5.5476,t
2020,392,Japan,0.006,t
2020,899,"Areas, nes",5.5416,t
2021,0,World,2.0142,t
2021,251,France,2.0142,t
2022,0,World,4.9842,t
2022,156,China,0.0156,t
2022,251,France,1.2053999999999998,t
2022,276,Germany,0.021,t
2022,380,Italy,3.2856,t
2022,796,Turks and Caicos Isds,0.4566,t
2023,0,World,5.6297999999999995,t
2023,251,France,0.7002,t
2023,528,Netherlands,4.9296,t
