Year,Partner ID,Partner Name,Quantity,Unit
2020,0,World,0.578934,t
2020,276,Germany,0.578934,t
2021,0,World,0.019086,t
2021,276,Germany,0.019086,t
2023,0,World,0.45239999999999997,t
2023,156,China,0.07079999999999999,t
2023,276,Germany,0.3816,t
2024,0,World,0.25439999999999996,t
2024,156,China,0.25439999999999996,t
