Year,Partner ID,Partner Name,Quantity,Unit
2020,0,World,0.104754,t
2020,156,China,0.064008,t
2020,484,Mexico,0.040746,t
2021,0,World,0.128964,t
2021,484,Mexico,0.128964,t
2023,0,World,0.012,t
2023,842,USA,0.012,t
