Year,Partner ID,Partner Name,Quantity,Unit
2020,0,World,0.30379079999999997,t
2020,276,Germany,0.10785899999999994,t
2020,699,India,0.0022956,t
2020,842,USA,0.1936368,t
2021,0,World,0.13169519999999998,t
2021,276,Germany,0.11393759999999993,t
2021,826,United Kingdom,0.0177576,t
2022,0,World,0.0,
2022,842,USA,0.0,
2023,0,World,0.0,
2023,842,USA,0.0,
