Year,Partner ID,Partner Name,Quantity,Unit
2020,0,World,0.01223999999999994,t
2020,372,Ireland,0.00924,t
2020,842,USA,0.003,t
2023,0,World,0.0867366,t
2023,56,Belgium,0.012,t
2023,699,India,6e-05,t
2023,826,United Kingdom,0.03267659999999994,t
2023,842,USA,0.042,t
