Year,Partner ID,Partner Name,Quantity,Unit
2021,0,World,2.2847502,t
2021,276,Germany,0.48360000000000003,t
2021,842,USA,1.8011502,t
2022,0,World,2.0909999999999997,t
2022,56,Belgium,0.696,t
2022,842,USA,1.395,t
2023,0,World,5.743199999999999,t
2023,56,Belgium,3.645,t
2023,156,China,0.216,t
2023,842,USA,1.8821999999999999,t
2024,0,World,2.6568,t
2024,56,Belgium,1.299,t
2024,842,USA,1.3578,t
