Year,Partner ID,Partner Name,Quantity,Unit
2020,0,World,0.007187999999999999,t
2020,792,Türkiye,0.007187999999999999,t
2021,0,World,0.004278,t
2021,616,Poland,0.004278,t
2022,0,World,0.0012,t
2022,276,Germany,0.0012,t
2023,0,World,0.0,
2023,699,India,0.0,
