Year,Partner ID,Partner Name,Quantity,Unit
2020,0,World,0.03,t
2020,276,Germany,0.03,t
2021,0,World,0.29219999999999996,t
2021,156,China,0.03,t
2021,251,France,0.2622,t
2022,0,World,0.02421,t
2022,251,France,0.00552,t
2022,276,Germany,0.015029999999999998,t
2022,699,India,0.0036599999999999398,t
2023,0,World,0.2838,t
2023,124,Canada,0.09,t
2023,246,Finland,0.06,t
2023,276,Germany,0.033,t
2023,842,USA,0.1008,t
