Year,Partner ID,Partner Name,Quantity,Unit
2021,0,World,0.0007247999999999399,t
2021,842,USA,0.0007247999999999399,t
2022,0,World,0.006,t
2022,156,China,0.006,t
