Year,Partner ID,Partner Name,Quantity,Unit
2021,0,World,0.003,t
2021,276,Germany,0.003,t
2024,0,World,6.39726,t
2024,699,India,6.397200000000001,t
2024,842,USA,6e-05,t
