Year,Partner ID,Partner Name,Quantity,Unit
2020,0,World,0.1338,t
2020,276,Germany,0.078,t
2020,705,Slovenia,0.055799999999999995,t
2021,0,World,0.08030999999999999,t
2021,276,Germany,0.015,t
2021,528,Netherlands,8.4e-05,t
2021,705,Slovenia,0.06522599999999994,t
2022,276,Germany,0.36843,t
2022,0,World,0.36843,t
2023,0,World,0.0,
2023,251,France,0.03,t
2023,276,Germany,0.0,
2023,380,Italy,0.043074,t
2024,191,Croatia,0.048,t
2024,0,World,0.6012,t
2024,156,China,0.18,t
2024,276,Germany,0.3732,t
