Year,Partner ID,Partner Name,Quantity,Unit
2022,0,World,0.6449999999999999,t
2022,842,USA,0.6449999999999999,t
