Year,Partner ID,Partner Name,Quantity,Unit
2021,0,World,0.0834,t
2021,251,France,0.078,t
2021,276,Germany,0.005399999999999999,t
2022,0,World,0.035399999999999994,t
2022,251,France,0.03,t
2022,276,Germany,0.005399999999999999,t
2023,0,World,0.1584,t
2023,156,China,0.099,t
2023,251,France,0.0594,t
2024,0,World,0.426,t
2024,156,China,0.396,t
2024,251,France,0.03,t
