Year,Partner ID,Partner Name,Quantity,Unit
2020,0,World,0.0,
2020,56,Belgium,0.0,
2020,156,China,0.0,
2020,251,France,0.0,
2020,380,Italy,0.0,
2020,504,Morocco,0.0,
2020,643,Russian Federation,0.0,
2022,0,World,0.0,
2022,56,Belgium,0.0,
2022,156,China,0.0,
2023,0,World,0.0,
2023,251,France,0.0,
2023,842,USA,0.0,
2024,0,World,1.2756336000000001,t
2024,156,China,0.05998439999999999,t
2024,251,France,1.2156492,t
