Year,Partner ID,Partner Name,Quantity,Unit
2020,0,World,0.027275999999999998,t
2020,276,Germany,0.021276,t
2020,842,USA,0.006,t
2022,0,World,0.028874399999999998,t
2022,276,Germany,0.028874399999999998,t
2023,0,World,0.00024,t
2023,842,USA,0.00024,t
