Year,Partner ID,Partner Name,Quantity,Unit
2020,0,World,0.012,t
2020,792,Türkiye,0.012,t
2022,0,World,0.03,t
2022,156,China,0.03,t
2023,0,World,0.03,t
2023,156,China,0.03,t
2024,0,World,0.5714676,t
2024,156,China,0.558,t
2024,699,India,0.0134676,t
