Year,Partner ID,Partner Name,Quantity,Unit
2022,0,World,0.20939999999999998,t
2022,276,Germany,0.20939999999999998,t
2023,0,World,0.066,t
2023,276,Germany,0.066,t
2024,0,World,0.1866,t
2024,276,Germany,0.1866,t
