Year,Partner ID,Partner Name,Quantity,Unit
2021,0,World,11.1174,t
2021,233,Estonia,2.6513999999999998,t
2021,428,Latvia,3.6719999999999997,t
2021,440,Lithuania,4.794,t
