Year,Partner ID,Partner Name,Quantity,Unit
2021,0,World,11.328,t
2021,392,Japan,5.9502,t
2021,826,United Kingdom,5.3778,t
2022,0,World,84.50939999999999,t
2022,392,Japan,6.2501999999999995,t
2022,702,Singapore,11.829600000000001,t
2022,826,United Kingdom,66.4296,t
2023,0,World,56.6574,t
2023,392,Japan,7.887,t
2023,826,United Kingdom,48.7704,t
2024,0,World,30.736199999999997,t
2024,392,Japan,12.0564,t
2024,826,United Kingdom,18.6798,t
