Year,Partner ID,Partner Name,Quantity,Unit
2020,0,World,0.59412,t
2020,124,Canada,0.4056,t
2020,842,USA,0.18852,t
2021,0,World,0.6428999999999999,t
2021,196,Cyprus,0.126,t
2021,842,USA,0.5169,t
2023,0,World,0.588126,t
2023,842,USA,0.588126,t
2024,0,World,1.3404,t
2024,842,USA,1.3404,t
