Year,Partner ID,Partner Name,Quantity,Unit
2020,0,World,20.1654,t
2020,124,Canada,13.3278,t
2020,724,Spain,6.8376,t
2021,0,World,28.2519,t
2021,124,Canada,28.2519,t
2022,0,World,29.32836,t
2022,124,Canada,25.256322,t
2022,899,"Areas, nes",4.072038,t
2023,0,World,21.6024,t
2023,124,Canada,21.6024,t
2024,0,World,26.82126,t
2024,124,Canada,22.52394,t
2024,842,USA,4.29732,t
