Year,Partner ID,Partner Name,Quantity,Unit
2020,0,World,0.0144,t
2020,528,Netherlands,0.0144,t
2021,0,World,75.3558,t
2021,410,Rep. of Korea,74.706,t
2021,826,United Kingdom,0.6497999999999999,t
2022,0,World,2.3886,t
2022,528,Netherlands,0.08519999999999998,t
2022,826,United Kingdom,2.3034,t
2024,0,World,0.132,t
2024,191,Croatia,0.1074,t
2024,528,Netherlands,0.0246,t
