Year,Partner ID,Partner Name,Quantity,Unit
2023,0,World,4.1171999999999995,t
2023,410,Rep. of Korea,4.1171999999999995,t
2024,0,World,1.969506,t
2024,410,Rep. of Korea,0.2928,t
2024,702,Singapore,1.676706,t
