Year,Partner ID,Partner Name,Quantity,Unit
2020,0,World,0.027006,t
2020,458,Malaysia,0.027006,t
2021,0,World,6.4956000000000005,t
2021,826,United Kingdom,6.4956000000000005,t
2022,0,World,2.5458000000000003,t
2022,826,United Kingdom,2.5458000000000003,t
2024,0,World,2.16,t
2024,276,Germany,2.16,t
