Year,Partner ID,Partner Name,Quantity,Unit
2020,0,World,3.7488,t
2020,276,Germany,3.7488,t
2021,0,World,8.427,t
2021,276,Germany,8.427,t
2022,0,World,8.7126,t
2022,56,Belgium,1.224,t
2022,276,Germany,7.4886,t
2023,0,World,15.744599999999998,t
2023,56,Belgium,0.6174,t
2023,276,Germany,15.127199999999998,t
2024,0,World,266.3232,t
2024,246,Finland,253.3242,t
2024,276,Germany,12.998999999999999,t
