Year,Partner ID,Partner Name,Quantity,Unit
2020,0,World,0.45599999999999996,t
2020,392,Japan,0.45599999999999996,t
2021,0,World,177.50130000000001,t
2021,392,Japan,6.1971,t
2021,410,Rep. of Korea,164.3778,t
2021,608,Philippines,6.9264,t
