Year,Partner ID,Partner Name,Quantity,Unit
2020,0,World,0.18515639999999997,t
2020,528,Netherlands,0.032325599999999996,t
2020,702,Singapore,0.1528308,t
2021,0,World,0.2782986,t
2021,528,Netherlands,0.0015036,t
2021,702,Singapore,0.27679499999999996,t
2023,0,World,0.0893982,t
2023,702,Singapore,0.0893982,t
2024,0,World,0.0529278,t
2024,702,Singapore,0.0529278,t
