Year,Partner ID,Partner Name,Quantity,Unit
2020,0,World,0.16740000000000002,t
2020,276,Germany,0.16740000000000002,t
2021,0,World,6.7985999999999995,t
2021,276,Germany,6.7985999999999995,t
2022,0,World,1.8941999999999999,t
2022,276,Germany,1.8941999999999999,t
2023,0,World,0.1926,t
2023,276,Germany,0.1926,t
2024,0,World,1.698,t
2024,276,Germany,1.698,t
