Year,Partner ID,Partner Name,Quantity,Unit
2020,0,World,10.594199999999999,t
2020,528,Netherlands,10.594199999999999,t
2021,0,World,3.4259999999999997,t
2021,276,Germany,3.4259999999999997,t
