Year,Partner ID,Partner Name,Quantity,Unit
2021,0,World,0.0006,t
2021,203,Czechia,0.0006,t
2024,0,World,3.5387999999999997,t
2024,203,Czechia,0.17339999999999997,t
2024,842,USA,3.3653999999999997,t
