Year,Partner ID,Partner Name,Quantity,Unit
2020,0,World,0.09704039999999999,t
2020,392,Japan,0.09704039999999999,t
2021,0,World,0.34582440000000003,t
2021,392,Japan,0.07688999999999999,t
2021,842,USA,0.2689344,t
2022,0,World,0.7165884,t
2022,156,China,0.27797879999999997,t
2022,392,Japan,0.1261716,t
2022,842,USA,0.312438,t
2023,0,World,0.1664832,t
2023,392,Japan,0.056729999999999996,t
2023,842,USA,0.1097532,t
