Year,Partner ID,Partner Name,Quantity,Unit
2020,0,World,11.5908,t
2020,276,Germany,0.0504,t
2020,458,Malaysia,11.5404,t
2021,0,World,5.0226,t
2021,276,Germany,0.1554,t
2021,458,Malaysia,4.8671999999999995,t
2022,0,World,3.3569999999999998,t
2022,276,Germany,3.3569999999999998,t
2023,0,World,3.2586,t
2023,251,France,0.015,t
2023,276,Germany,3.2436,t
2024,0,World,1.6139999999999999,t
2024,276,Germany,1.6139999999999999,t
