Year,Partner ID,Partner Name,Quantity,Unit
2020,0,World,1.0235999999999998,t
2020,276,Germany,1.0235999999999998,t
2022,0,World,51.853199999999994,t
2022,56,Belgium,14.399999999999999,t
2022,528,Netherlands,37.453199999999995,t
2023,0,World,0.852,t
2023,124,Canada,0.852,t
2024,0,World,57.0576,t
2024,56,Belgium,50.940000000000005,t
2024,344,"China, Hong Kong SAR",6.0846,t
2024,842,USA,0.033,t
