Year,Partner ID,Partner Name,Quantity,Unit
2020,0,World,0.00444,t
2020,579,Norway,0.0011639999999999398,t
2020,643,Russian Federation,0.0017879999999999999,t
2020,682,Saudi Arabia,0.001488,t
2021,0,World,3.1715999999999998,t
2021,288,Ghana,0.011399999999999999,t
2021,826,United Kingdom,3.1602,t
2023,0,World,0.0186,t
2023,422,Lebanon,0.0126,t
2023,512,Oman,0.006,t
