Year,Partner ID,Partner Name,Quantity,Unit
2020,0,World,5.9088,t
2020,276,Germany,5.9088,t
2021,0,World,4.8797999999999995,t
2021,276,Germany,2.8518,t
2021,826,United Kingdom,2.028,t
2022,0,World,1.032,t
2022,826,United Kingdom,1.032,t
2023,0,World,1.2342,t
2023,528,Netherlands,0.34619999999999995,t
2023,826,United Kingdom,0.888,t
2024,0,World,0.417,t
2024,410,Rep. of Korea,0.24839999999999998,t
2024,528,Netherlands,0.168,t
2024,826,United Kingdom,0.0006,t
