Year,Partner ID,Partner Name,Quantity,Unit
2020,0,World,92.589896,t
2020,156,China,91.008,t
2020,392,Japan,1.58,t
2020,699,India,0.0018960000000000001,t
2021,0,World,820.62672,t
2021,156,China,820.62672,t
2022,842,USA,8.5952,t
2022,699,India,0.000316,t
2022,392,Japan,0.5056,t
2022,156,China,670.91856,t
2022,0,World,680.0196759999999,t
2023,0,World,277.7324,t
2023,156,China,271.4124,t
2023,699,India,6.32,t
2024,0,World,380.464,t
2024,156,China,358.344,t
2024,699,India,22.12,t
