Year,Partner ID,Partner Name,Quantity,Unit
2020,0,World,0.0,
2020,203,Czechia,0.00316,t
2020,276,Germany,0.0032231999999999365,t
2020,705,Slovenia,0.0,
2022,0,World,0.0070152,t
2022,203,Czechia,0.006098800000000001,t
2022,276,Germany,0.0006952000000000001,t
2022,705,Slovenia,0.0002212,t
2023,0,World,0.026891599999999998,t
2023,276,Germany,0.0076472,t
2023,616,Poland,0.01896,t
2023,705,Slovenia,0.0002844,t
2024,0,World,0.0002212,t
2024,276,Germany,6.32e-05,t
2024,705,Slovenia,0.000158,t
