Year,Partner ID,Partner Name,Quantity,Unit
2020,0,World,6.0263412,t
2020,76,Brazil,0.8847999999999999,t
2020,699,India,2.430672,t
2020,842,USA,2.7108692000000003,t
2022,0,World,31.210397280000002,t
2022,76,Brazil,11.6634336,t
2022,156,China,15.228672,t
2022,842,USA,4.31829168,t
2023,0,World,23.65220816,t
2023,156,China,20.939424,t
2023,842,USA,2.7127841600000004,t
2024,0,World,19.72662864,t
2024,76,Brazil,3.75804896,t
2024,156,China,14.734448,t
2024,842,USA,1.23413168,t
