Year,Partner ID,Partner Name,Quantity,Unit
2020,0,World,0.0002528,t
2020,792,Türkiye,6.32e-05,t
2020,826,United Kingdom,0.00018959999999999997,t
2023,0,World,0.000316,t
2023,276,Germany,0.000316,t
2024,0,World,0.00068888,t
2024,276,Germany,8.847999999999999e-05,t
2024,792,Türkiye,0.0006004,t
