Year,Partner ID,Partner Name,Quantity,Unit
2020,0,World,17.073571008,t
2020,76,Brazil,6.446369664,t
2020,826,United Kingdom,10.627201976,t
2021,0,World,15.340020288000002,t
2021,156,China,8.152981384,t
2021,276,Germany,7.1870389040000004,t
2022,0,World,3.978519632,t
2022,276,Germany,3.978519632,t
2023,0,World,4.066789176,t
2023,156,China,0.243258696,t
2023,276,Germany,3.8235304800000005,t
