Year,Partner ID,Partner Name,Quantity,Unit
2020,0,World,69.499776,t
2020,699,India,33.475776,t
2020,792,Türkiye,30.968,t
2020,826,United Kingdom,5.056,t
2021,0,World,47.4,t
2021,792,Türkiye,47.4,t
2022,0,World,15.949329592000002,t
2022,699,India,4.742384536,t
2022,792,Türkiye,11.206945056000002,t
2023,0,World,47.4,t
2023,792,Türkiye,47.4,t
