Year,Partner ID,Partner Name,Quantity,Unit
2020,0,World,220.19602186400002,t
2020,842,USA,220.19602186400002,t
2021,0,World,67.74214924,t
2021,76,Brazil,23.190608,t
2021,842,USA,44.551541240000006,t
2022,0,World,22.015351544,t
2022,842,USA,22.015351544,t
2023,0,World,245.064952,t
2023,76,Brazil,45.218968000000004,t
2023,842,USA,199.845984,t
2024,0,World,16.191208,t
2024,842,USA,16.191208,t
