Year,Partner ID,Partner Name,Quantity,Unit
2021,0,World,0.0010743999999999999,t
2021,203,Czechia,0.0010743999999999999,t
2022,0,World,0.00316,t
2022,156,China,0.00316,t
2023,0,World,0.00632,t
2023,156,China,0.00632,t
