Year,Partner ID,Partner Name,Quantity,Unit
2020,0,World,0.008595199999999999,t
2020,276,Germany,0.008595199999999999,t
2022,0,World,0.16450959999999998,t
2022,380,Italy,0.16450959999999998,t
