Year,Partner ID,Partner Name,Quantity,Unit
2022,0,World,0.678768,t
2022,792,Türkiye,0.678768,t
2023,0,World,1.75622688,t
2023,56,Belgium,0.000632,t
2023,792,Türkiye,1.7555948800000003,t
2024,0,World,0.035076,t
2024,643,Russian Federation,0.035076,t
