Year,Partner ID,Partner Name,Quantity,Unit
2022,0,World,0.004118744000000001,t
2022,842,USA,0.004118744000000001,t
2024,0,World,0.008216,t
2024,842,USA,0.008216,t
