Year,Partner ID,Partner Name,Quantity,Unit
2020,0,World,253.20448,t
2020,504,Morocco,192.17856,t
2020,792,Türkiye,61.02592,t
2021,0,World,64.05952,t
2021,504,Morocco,64.05952,t
2023,0,World,544.50592,t
2023,504,Morocco,544.50592,t
2024,0,World,128.11904,t
2024,504,Morocco,128.11904,t
