Year,Partner ID,Partner Name,Quantity,Unit
2023,0,World,0.011512511999999999,t
2023,76,Brazil,0.011512511999999999,t
2024,0,World,0.30336,t
2024,76,Brazil,0.30336,t
