Year,Partner ID,Partner Name,Quantity,Unit
2020,0,World,0.3476,t
2020,251,France,0.3476,t
2023,0,World,0.030336000000000002,t
2023,251,France,0.030336000000000002,t
2024,0,World,0.7584,t
2024,380,Italy,0.7584,t
