Year,Partner ID,Partner Name,Quantity,Unit
2020,0,World,0.001264,t
2020,710,South Africa,0.001264,t
2022,0,World,0.6338959999999999,t
2022,710,South Africa,0.632,t
2022,826,United Kingdom,0.0018960000000000001,t
