Year,Partner ID,Partner Name,Quantity,Unit
2020,0,World,0.07268000000000001,t
2020,710,South Africa,0.07268000000000001,t
2022,0,World,0.063832,t
2022,710,South Africa,0.063832,t
2023,0,World,0.027631040000000003,t
2023,699,India,0.009871839999999937,t
2023,710,South Africa,0.0177592,t
