Year,Partner ID,Partner Name,Quantity,Unit
2020,0,World,701.888456,t
2020,156,China,676.53072,t
2020,404,Kenya,0.8847999999999999,t
2020,699,India,24.472936,t
2022,0,World,863.50476,t
2022,699,India,47.122552000000006,t
2022,156,China,813.854208,t
2022,764,Thailand,2.528,t
2023,0,World,832.0235759999999,t
2023,156,China,780.0017600000001,t
2023,699,India,52.021816,t
2024,0,World,854.903872,t
2024,156,China,789.21,t
2024,266,Gabon,0.237,t
2024,699,India,65.456872,t
