Year,Partner ID,Partner Name,Quantity,Unit
2020,0,World,12.64,t
2020,699,India,12.64,t
2024,0,World,6.419855999999999,t
2024,646,Rwanda,0.000632,t
2024,699,India,6.419224,t
