Year,Partner ID,Partner Name,Quantity,Unit
2020,0,World,0.53910232,t
2020,842,USA,0.53910232,t
2023,0,World,0.00108072,t
2023,842,USA,0.00108072,t
