Year,Partner ID,Partner Name,Quantity,Unit
2020,0,World,0.00181905,t
2020,842,USA,0.00181905,t
2024,0,World,0.011398499999999985,t
2024,842,USA,0.011398499999999985,t
