Year,Partner ID,Partner Name,Quantity,Unit
2020,0,World,2.6544000000000003,t
2020,276,Germany,2.6544000000000003,t
2022,0,World,3.3,t
2022,156,China,1.5,t
2022,380,Italy,1.2,t
2022,643,Russian Federation,0.6,t
2023,0,World,2.826,t
2023,156,China,2.226,t
2023,380,Italy,0.6,t
2024,0,World,0.0,
2024,842,USA,0.0,
