Year,Partner ID,Partner Name,Quantity,Unit
2020,0,World,15.150371849999999,t
2020,643,Russian Federation,15.150371849999999,t
2021,0,World,4.26755475,t
2021,276,Germany,0.31527750000000004,t
2021,643,Russian Federation,3.9492773999999997,t
2021,842,USA,0.003,t
2022,0,World,0.0005235,t
2022,410,Rep. of Korea,0.0003,t
2022,842,USA,0.00022349999999999998,t
2023,0,World,3.504,t
2023,688,Serbia,3.504,t
