Year,Partner ID,Partner Name,Quantity,Unit
2023,0,World,3482.0699999999997,t
2023,894,Zambia,3482.0699999999997,t
2024,0,World,13906.971,t
2024,72,Botswana,586.212,t
2024,180,Dem. Rep. of the Congo,105.47399999999999,t
2024,894,Zambia,13215.284999999998,t
