Year,Partner ID,Partner Name,Quantity,Unit
2020,0,World,1.2,t
2020,276,Germany,1.2,t
2022,0,World,1.52205,t
2022,276,Germany,1.0570499999999998,t
2022,348,Hungary,0.165,t
2022,380,Italy,0.3,t
2023,0,World,0.91875,t
2023,276,Germany,0.44999999999999996,t
2023,348,Hungary,0.0003,t
2023,380,Italy,0.018449999999999998,t
2023,528,Netherlands,0.44999999999999996,t
2024,0,World,0.47564999999999996,t
2024,276,Germany,0.012450000000000001,t
2024,528,Netherlands,0.4632,t
