Year,Partner ID,Partner Name,Quantity,Unit
2020,0,World,0.0026999999999999997,t
2020,36,Australia,0.0026999999999999997,t
2021,0,World,0.0675,t
2021,724,Spain,0.0675,t
2022,0,World,0.0375,t
2022,724,Spain,0.0375,t
2024,0,World,0.0016499999999999998,t
2024,36,Australia,0.0016499999999999998,t
