Year,Partner ID,Partner Name,Quantity,Unit
2020,0,World,5.54385,t
2020,360,Indonesia,3.0,t
2020,392,Japan,2.1,t
2020,784,United Arab Emirates,0.44385,t
2021,0,World,15.96255,t
2021,682,Saudi Arabia,12.66255,t
2021,842,USA,3.3,t
2022,0,World,3.0,t
2022,231,Ethiopia,3.0,t
2023,0,World,0.0084054,t
2023,842,USA,0.0084054,t
2024,0,World,1.2687,t
2024,251,France,0.0021,t
2024,276,Germany,1.26615,t
2024,842,USA,0.00045,t
