Year,Partner ID,Partner Name,Quantity,Unit
2020,0,World,233358.0825,t
2020,320,Guatemala,166763.91749999998,t
2020,360,Indonesia,66594.165,t
2022,0,World,52007.810999999994,t
2022,320,Guatemala,52007.810999999994,t
2023,0,World,1085.715,t
2023,320,Guatemala,1085.715,t
