Year,Partner ID,Partner Name,Quantity,Unit
2023,0,World,0.6246677500000001,t
2023,156,China,0.6246677500000001,t
