Year,Partner ID,Partner Name,Quantity,Unit
2022,0,World,0.010276489,t
2022,428,Latvia,0.010276489,t
2023,0,World,0.0093935,t
2023,842,USA,0.0093935,t
