Year,Partner ID,Partner Name,Quantity,Unit
2020,0,World,0.0005861544,t
2020,152,Chile,2.2544399999981213e-05,t
2020,842,USA,0.0005636100000000001,t
2022,0,World,0.006575450000000001,t
2022,579,Norway,0.006575450000000001,t
2023,0,World,0.00018787,t
2023,842,USA,0.00018787,t
2024,0,World,0.00037574,t
2024,579,Norway,0.00037574,t
