Year,Partner ID,Partner Name,Quantity,Unit
2020,0,World,0.0093935,t
2020,196,Cyprus,0.0093935,t
2021,0,World,0.18467621,t
2021,203,Czechia,0.093935,t
2021,826,United Kingdom,0.09074121,t
2022,0,World,0.0225444,t
2022,8,Albania,0.0037574,t
2022,688,Serbia,0.018787,t
2023,0,World,0.056361,t
2023,8,Albania,0.056361,t
