Year,Partner ID,Partner Name,Quantity,Unit
2020,0,World,0.06800894,t
2020,222,El Salvador,0.0005636100000000001,t
2020,484,Mexico,0.06744533,t
2021,0,World,0.01409025,t
2021,214,Dominican Rep.,0.01409025,t
2022,0,World,0.16701643000000002,t
2022,214,Dominican Rep.,0.16701643000000002,t
2023,0,World,0.31524586,t
2023,214,Dominican Rep.,0.31524586,t
2024,0,World,0.34981394000000005,t
2024,214,Dominican Rep.,0.34981394000000005,t
