Year,Partner ID,Partner Name,Quantity,Unit
2020,0,World,2655.429728,t
2020,156,China,2655.429728,t
2023,0,World,5541.5243633,t
2023,156,China,4161.170204,t
2023,842,USA,1380.3541593000002,t
2024,0,World,8944.325374400001,t
2024,156,China,8944.325374400001,t
