Year,Partner ID,Partner Name,Quantity,Unit
2021,0,World,123.91905200000001,t
2021,156,China,69.812492,t
2021,410,Rep. of Korea,23.67162,t
2021,643,Russian Federation,30.43494,t
2022,0,World,0.37686722,t
2022,156,China,0.37686722,t
2023,0,World,0.0041331399999999996,t
2023,156,China,0.00018787,t
2023,842,USA,0.003945270000000001,t
2024,0,World,0.00244231,t
2024,156,China,0.0022544400000000003,t
2024,842,USA,0.00018787,t
