Year,Partner ID,Partner Name,Quantity,Unit
2024,0,World,0.00045464539999999997,t
2024,702,Singapore,0.00045464539999999997,t
