Year,Partner ID,Partner Name,Quantity,Unit
2023,0,World,0.93935,t
2023,466,Mali,0.93935,t
2024,0,World,7.505406500000001,t
2024,466,Mali,7.505406500000001,t
