Year,Partner ID,Partner Name,Quantity,Unit
2023,0,World,0.00713906,t
2023,899,"Areas, nes",0.00638758,t
2023,702,Singapore,0.0005636100000000001,t
2023,392,Japan,0.00018787,t
