Year,Partner ID,Partner Name,Quantity,Unit
2020,0,World,0.0300592,t
2020,233,Estonia,0.0300592,t
2021,0,World,0.026301800000000004,t
2021,233,Estonia,0.0225444,t
2021,440,Lithuania,0.0037574,t
2022,0,World,0.01991422,t
2022,233,Estonia,0.018787,t
2022,440,Lithuania,0.0011272200000000002,t
2023,0,World,0.112722,t
2023,233,Estonia,0.112722,t
2024,0,World,0.00018787,t
2024,616,Poland,0.00018787,t
