Year,Partner ID,Partner Name,Quantity,Unit
2023,0,World,157.90473500000002,t
2023,156,China,157.90473500000002,t
2024,0,World,107.555575,t
2024,156,China,107.555575,t
