Year,Partner ID,Partner Name,Quantity,Unit
2021,0,World,0.037574,t
2021,710,South Africa,0.037574,t
2023,0,World,20.666188462,t
2023,36,Australia,0.000488462,t
2023,156,China,20.6657,t
2024,0,World,0.056361,t
2024,276,Germany,0.056361,t
