Year,Partner ID,Partner Name,Quantity,Unit
2020,0,World,0.00338166,t
2020,388,Jamaica,0.00338166,t
2021,0,World,0.00582397,t
2021,388,Jamaica,0.00582397,t
2022,0,World,0.006199710000000001,t
2022,388,Jamaica,0.006199710000000001,t
2023,0,World,0.00093935,t
2023,388,Jamaica,0.00093935,t
2024,0,World,0.00638758,t
2024,388,Jamaica,0.00638758,t
