Year,Partner ID,Partner Name,Quantity,Unit
2022,0,World,0.00018787,t
2022,642,Romania,0.00018787,t
2023,0,World,0.00638758,t
2023,56,Belgium,0.00075148,t
2023,842,USA,0.0056361,t
