Year,Partner ID,Partner Name,Quantity,Unit
2022,0,World,0.0150296,t
2022,616,Poland,0.0150296,t
2023,0,World,0.00713906,t
2023,616,Poland,0.00713906,t
