Year,Partner ID,Partner Name,Quantity,Unit
2021,0,World,4.696750000000001,t
2021,784,United Arab Emirates,4.696750000000001,t
2022,0,World,178.47668787,t
2022,784,United Arab Emirates,178.47650000000002,t
2022,826,United Kingdom,0.00018787,t
