Year,Partner ID,Partner Name,Quantity,Unit
2020,0,World,0.00093935,t
2020,392,Japan,0.00093935,t
2022,0,World,0.24423100000000003,t
2022,784,United Arab Emirates,0.24423100000000003,t
