Year,Partner ID,Partner Name,Quantity,Unit
2023,0,World,0.00028180500000000004,t
2023,784,United Arab Emirates,0.00028180500000000004,t
