Year,Partner ID,Partner Name,Quantity,Unit
2020,0,World,200.5017,t
2020,428,Latvia,11.155199999999999,t
2020,440,Lithuania,0.735,t
2020,498,Rep. of Moldova,53.3859,t
2020,643,Russian Federation,82.0191,t
2020,804,Ukraine,53.2065,t
2021,0,World,312.90195,t
2021,276,Germany,0.426,t
2021,428,Latvia,3.1889999999999996,t
2021,440,Lithuania,0.05925,t
2021,498,Rep. of Moldova,114.4512,t
2021,643,Russian Federation,123.28199999999998,t
2021,804,Ukraine,71.4945,t
