Year,Partner ID,Partner Name,Quantity,Unit
2020,0,World,0.02847,t
2020,156,China,0.02847,t
2021,0,World,0.46729499999999996,t
2021,156,China,0.46729499999999996,t
2022,0,World,0.011235,t
2022,156,China,0.011235,t
2024,0,World,0.11069849999999999,t
2024,418,Lao People's Dem. Rep.,0.06069,t
2024,156,China,0.017458500000000002,t
2024,36,Australia,0.032549999999999996,t
