Year,Partner ID,Partner Name,Quantity,Unit
2021,0,World,0.7348539,t
2021,380,Italy,0.19799999999999998,t
2021,392,Japan,3.9e-06,t
2021,699,India,0.5355,t
2021,704,Viet Nam,0.0013499999999999999,t
2022,0,World,0.03,t
2022,586,Pakistan,0.03,t
