Year,Partner ID,Partner Name,Quantity,Unit
2020,0,World,0.01974,t
2020,710,South Africa,0.00174,t
2020,784,United Arab Emirates,0.01797,t
2020,36,Australia,3e-05,t
2021,0,World,0.1017,t
2021,156,China,0.08088000000000001,t
2021,710,South Africa,0.01113,t
2021,784,United Arab Emirates,0.00969,t
2023,0,World,0.5262899999999999,t
2023,710,South Africa,0.45657,t
2023,699,India,0.00582,t
2023,842,USA,0.0081,t
2023,156,China,0.02967,t
2023,124,Canada,0.0021299999999999995,t
2023,36,Australia,0.024,t
