Year,Partner ID,Partner Name,Quantity,Unit
2020,0,World,7.199999999999999e-05,t
2020,842,USA,7.199999999999999e-05,t
2024,0,World,0.060779999999999994,t
2024,842,USA,0.060779999999999994,t
