Year,Partner ID,Partner Name,Quantity,Unit
2023,0,World,382.48611,t
2023,344,"China, Hong Kong SAR",156.32999999999998,t
2023,156,China,211.6059,t
2023,702,Singapore,14.549999999999999,t
2023,646,Rwanda,0.00021,t
