Year,Partner ID,Partner Name,Quantity,Unit
2020,0,World,0.006795,t
2020,251,France,0.004529999999999999,t
2020,899,"Areas, nes",0.0022649999999999997,t
2021,0,World,0.004200000000000001,t
2021,251,France,0.00381,t
2021,899,"Areas, nes",0.00039,t
2022,0,World,0.01956,t
2022,251,France,0.01956,t
