Year,Partner ID,Partner Name,Quantity,Unit
2020,0,World,0.093483,t
2020,792,Türkiye,0.093483,t
2021,0,World,0.006,t
2021,826,United Kingdom,0.006,t
2023,0,World,0.00762,t
2023,56,Belgium,0.00035999999999999997,t
2023,276,Germany,0.005399999999999999,t
2023,826,United Kingdom,0.0018599999999999999,t
