Year,Partner ID,Partner Name,Quantity,Unit
2020,0,World,0.096,t
2020,124,Canada,0.0024,t
2020,740,Suriname,0.0936,t
2023,0,World,0.009808499999999996,t
2023,124,Canada,0.009808499999999996,t
2024,0,World,0.0026807999999999997,t
2024,780,Trinidad and Tobago,4.08e-05,t
2024,842,USA,0.0026399999999999996,t
