Year,Partner ID,Partner Name,Quantity,Unit
2020,0,World,186.37800000000001,t
2020,152,Chile,186.37800000000001,t
2021,0,World,31.5612,t
2021,152,Chile,31.5612,t
2022,0,World,434.80779,t
2022,152,Chile,428.913,t
2022,156,China,5.1836400000000005,t
2022,842,USA,0.71115,t
2023,0,World,481.5534,t
2023,152,Chile,471.11699999999996,t
2023,156,China,10.436399999999999,t
2024,0,World,201.543,t
2024,152,Chile,201.543,t
