Year,Partner ID,Partner Name,Quantity,Unit
2021,0,World,0.0025067999999999996,t
2021,784,United Arab Emirates,5.73e-05,t
2021,842,USA,0.0024495,t
2023,0,World,1.3619999999999999,t
2023,558,Nicaragua,1.3619999999999999,t
