Year,Partner ID,Partner Name,Quantity,Unit
2021,0,World,0.05711907,t
2021,251,France,0.00027764999999999995,t
2021,276,Germany,0.053559539999999996,t
2021,842,USA,0.0032818799999999996,t
2022,0,World,0.0945,t
2022,826,United Kingdom,0.0945,t
2023,0,World,1.36107,t
2023,208,Denmark,0.0081,t
2023,276,Germany,0.36363,t
2023,826,United Kingdom,0.9834,t
2023,842,USA,0.00594,t
2024,0,World,0.010559999999999998,t
2024,208,Denmark,0.00795,t
2024,724,Spain,0.00261,t
