Year,Partner ID,Partner Name,Quantity,Unit
2020,0,World,3.8660043300000004,t
2020,262,Djibouti,0.08591120999999999,t
2020,792,Türkiye,3.63690777,t
2020,826,United Kingdom,0.14318535,t
2021,0,World,0.13666079999999997,t
2021,276,Germany,0.027332159999999998,t
2021,842,USA,0.10932863999999999,t
2022,0,World,20.86095,t
2022,196,Cyprus,20.745,t
2022,826,United Kingdom,0.10134,t
2022,842,USA,0.01461,t
