Year,Partner ID,Partner Name,Quantity,Unit
2020,0,World,0.0,
2020,156,China,4.55232,t
2020,634,Qatar,0.0,
2020,842,USA,6e-05,t
2021,0,World,0.028529999999999996,t
2021,784,United Arab Emirates,0.028529999999999996,t
2022,0,World,0.0,
2022,699,India,0.0,
2022,826,United Kingdom,0.0,
2023,0,World,0.36772499999999997,t
2023,682,Saudi Arabia,0.34095,t
2023,784,United Arab Emirates,0.026774999999999997,t
2024,0,World,0.00663,t
2024,784,United Arab Emirates,0.00663,t
