Year,Partner ID,Partner Name,Quantity,Unit
2022,0,World,0.9070499999999999,t
2022,699,India,0.0010500000000000002,t
2022,156,China,0.9059999999999999,t
2023,0,World,4.948169999999999,t
2023,156,China,4.948169999999999,t
