Year,Partner ID,Partner Name,Quantity,Unit
2020,0,World,0.00165,t
2020,710,South Africa,0.00165,t
2021,0,World,0.30468,t
2021,124,Canada,0.00012,t
2021,710,South Africa,0.30455999999999994,t
2022,0,World,0.46413,t
2022,710,South Africa,0.46413,t
2023,0,World,0.000531,t
2023,710,South Africa,0.0005009999999999999,t
2023,842,USA,3e-05,t
2024,0,World,3e-05,t
2024,710,South Africa,3e-05,t
