Year,Partner ID,Partner Name,Quantity,Unit
2020,0,World,0.03,t
2020,842,USA,0.03,t
2021,0,World,1.29,t
2021,842,USA,0.8999999999999999,t
2021,899,"Areas, nes",0.39,t
2022,0,World,0.39,t
2022,842,USA,0.06,t
2022,899,"Areas, nes",0.32999999999999996,t
2023,0,World,0.44999999999999996,t
2023,842,USA,0.39,t
2023,899,"Areas, nes",0.03,t
2023,124,Canada,0.03,t
2024,0,World,0.09,t
2024,842,USA,0.06,t
2024,899,"Areas, nes",0.03,t
