Year,Partner ID,Partner Name,Quantity,Unit
2020,0,World,0.00633,t
2020,36,Australia,0.00633,t
2022,0,World,0.03996,t
2022,124,Canada,0.014159999999999999,t
2022,792,Türkiye,0.0258,t
2024,0,World,0.0036,t
2024,124,Canada,0.0036,t
