Year,Partner ID,Partner Name,Quantity,Unit
2022,0,World,0.00189618,t
2022,410,Rep. of Korea,0.00043277999999999996,t
2022,398,Kazakhstan,0.0013499999999999999,t
2022,826,United Kingdom,0.00011339999999999999,t
2023,0,World,0.0015539999999999998,t
2023,156,China,0.0012,t
2023,392,Japan,0.000354,t
