Year,Partner ID,Partner Name,Quantity,Unit
2020,0,World,0.01758,t
2020,40,Austria,6e-05,t
2020,203,Czechia,0.01722,t
2020,528,Netherlands,0.0003,t
2023,0,World,0.00582,t
2023,804,Ukraine,0.00582,t
2024,0,World,0.01164,t
2024,642,Romania,0.0035399999999999997,t
2024,804,Ukraine,0.0081,t
