Year,Partner ID,Partner Name,Quantity,Unit
2020,0,World,0.1150884,t
2020,688,Serbia,0.1150884,t
2021,0,World,0.7988804999999999,t
2021,380,Italy,0.008639999999999998,t
2021,688,Serbia,0.7902404999999999,t
2022,0,World,225.100125,t
2022,380,Italy,0.004125,t
2022,688,Serbia,0.096,t
2022,724,Spain,225.0,t
2023,0,World,660.8818395,t
2023,528,Netherlands,660.8385,t
2023,688,Serbia,0.043339499999999996,t
2024,0,World,0.00078,t
2024,276,Germany,0.00078,t
