Year,Partner ID,Partner Name,Quantity,Unit
2020,0,World,0.00192,t
2020,899,"Areas, nes",0.00192,t
2021,0,World,0.00096,t
2021,899,"Areas, nes",0.00075,t
2021,528,Netherlands,0.00021,t
2022,0,World,0.014639999999999999,t
2022,899,"Areas, nes",0.014639999999999999,t
