Year,Partner ID,Partner Name,Quantity,Unit
2020,0,World,0.04611,t
2020,36,Australia,0.04611,t
2021,0,World,0.18045989999999998,t
2021,392,Japan,6e-05,t
2021,36,Australia,0.1803999,t
2022,0,World,0.111612,t
2022,36,Australia,0.10645199999999999,t
2022,251,France,0.00345,t
2022,458,Malaysia,0.00171,t
2023,0,World,0.26250929999999995,t
2023,842,USA,0.00756,t
2023,124,Canada,0.02703,t
2023,554,New Zealand,0.00309,t
2023,392,Japan,0.00087,t
2023,36,Australia,0.2239293,t
2023,458,Malaysia,3e-05,t
