Year,Partner ID,Partner Name,Quantity,Unit
2022,0,World,0.3792,t
2022,842,USA,0.1092,t
2022,56,Belgium,0.27,t
2023,0,World,0.47868,t
2023,56,Belgium,0.22880999999999999,t
2023,124,Canada,0.03407999999999999,t
2023,842,USA,0.21578999999999998,t
2024,0,World,5.837999999999999,t
2024,32,Argentina,5.819999999999999,t
2024,842,USA,0.018,t
