Year,Partner ID,Partner Name,Quantity,Unit
2020,0,World,3.3350999999999997,t
2020,699,India,3.3350999999999997,t
2022,0,World,74.9406,t
2022,699,India,74.9406,t
2023,0,World,0.0017709,t
2023,699,India,0.0017709,t
