Year,Partner ID,Partner Name,Quantity,Unit
2020,0,World,0.00198,t
2020,842,USA,0.00198,t
2021,0,World,0.01461,t
2021,36,Australia,0.006885,t
2021,842,USA,0.007725,t
2022,0,World,0.030135,t
2022,36,Australia,0.006945,t
2022,380,Italy,0.00024,t
2022,842,USA,0.022949999999999998,t
2023,0,World,6.6085199999999995,t
2023,36,Australia,0.00612,t
2023,380,Italy,0.0024,t
2023,600,Paraguay,6.6,t
