Year,Partner ID,Partner Name,Quantity,Unit
2021,0,World,0.0102465,t
2021,710,South Africa,0.0102465,t
2022,0,World,0.008190000000000001,t
2022,710,South Africa,0.00225,t
2022,404,Kenya,0.00594,t
2023,0,World,0.0047693999999999966,t
2023,710,South Africa,0.0047693999999999966,t
