Year,Partner ID,Partner Name,Quantity,Unit
2021,0,World,0.72225228,t
2021,156,China,0.72225228,t
2022,0,World,25.86,t
2022,643,Russian Federation,0.6599999999999999,t
2022,364,Iran,7.8,t
2022,860,Uzbekistan,17.4,t
2023,0,World,74.03999999999999,t
2023,860,Uzbekistan,74.03999999999999,t
