Year,Partner ID,Partner Name,Quantity,Unit
2020,0,World,0.00032999999999999994,t
2020,466,Mali,0.00032999999999999994,t
2021,0,World,0.33018,t
2021,251,France,0.00017999999999999998,t
2021,466,Mali,0.32999999999999996,t
2022,0,World,0.28584,t
2022,899,"Areas, nes",0.0006,t
2022,434,Libya,0.285,t
2022,380,Italy,0.00024,t
2023,0,World,0.00017999999999999998,t
2023,380,Italy,0.00017999999999999998,t
2024,0,World,0.0,
2024,842,USA,0.0,
