Year,Partner ID,Partner Name,Quantity,Unit
2020,0,World,0.0015,t
2020,702,Singapore,0.0015,t
2022,0,World,0.00017999999999999998,t
2022,392,Japan,8.999999999999999e-05,t
2022,702,Singapore,8.999999999999999e-05,t
2023,0,World,0.06543,t
2023,458,Malaysia,0.010499999999999999,t
2023,702,Singapore,0.05493,t
2024,0,World,0.07944,t
2024,702,Singapore,0.07944,t
