Year,Partner ID,Partner Name,Quantity,Unit
2021,0,World,4.5100000000000005e-05,t
2021,251,France,4.5100000000000005e-05,t
2023,0,World,1.7500000000000002e-05,t
2023,251,France,1.25e-05,t
2023,724,Spain,5e-06,t
