Year,Partner ID,Partner Name,Quantity,Unit
2020,0,World,0.00055,t
2020,842,USA,1e-05,t
2020,251,France,0.00028000000000000003,t
2020,276,Germany,0.00026,t
2021,0,World,0.00083,t
2021,699,India,2e-05,t
2021,899,"Areas, nes",0.0008100000000000001,t
2022,0,World,0.00167,t
2022,251,France,2e-05,t
2022,710,South Africa,0.0016500000000000002,t
2023,0,World,5e-05,t
2023,251,France,5e-05,t
