Year,Partner ID,Partner Name,Quantity,Unit
2020,0,World,0.014359000000000002,t
2020,124,Canada,9.400000000000001e-05,t
2020,842,USA,0.014265000000000002,t
2021,0,World,0.004512,t
2021,842,USA,0.004512,t
2022,0,World,0.021229300000000003,t
2022,842,USA,0.021229300000000003,t
2023,0,World,0.0299139,t
2023,780,Trinidad and Tobago,0.006500000000000001,t
2023,842,USA,0.0234139,t
2024,0,World,0.0191208,t
2024,842,USA,0.0191208,t
