Year,Partner ID,Partner Name,Quantity,Unit
2021,0,World,0.032,t
2021,826,United Kingdom,0.032,t
2022,0,World,0.0017000000000000001,t
2022,276,Germany,0.0017000000000000001,t
2023,0,World,0.006540000000000001,t
2023,699,India,0.00154,t
2023,276,Germany,0.005,t
