Year,Partner ID,Partner Name,Quantity,Unit
2020,0,World,0.00287124,t
2020,842,USA,0.00287124,t
2021,0,World,0.01094971,t
2021,842,USA,0.01094971,t
2022,0,World,0.00012246999999999998,t
2022,842,USA,0.00012246999999999998,t
2023,0,World,0.14250699,t
2023,842,USA,0.14250699,t
