Year,Partner ID,Partner Name,Quantity,Unit
2020,0,World,0.00062,t
2020,170,Colombia,1e-05,t
2020,528,Netherlands,0.00061,t
2021,0,World,0.0007559000000000001,t
2021,842,USA,0.000586,t
2021,899,"Areas, nes",0.0001132,t
2021,528,Netherlands,5.6699999999999996e-05,t
2022,0,World,0.00015,t
2022,842,USA,0.0001,t
2022,899,"Areas, nes",5e-05,t
2023,0,World,2.41e-05,t
2023,842,USA,2.41e-05,t
