Year,Partner ID,Partner Name,Quantity,Unit
2021,0,World,0.00492512,t
2021,360,Indonesia,8e-05,t
2021,699,India,0.0048451200000000005,t
2022,0,World,0.000516,t
2022,699,India,0.000266,t
2022,620,Portugal,0.00023,t
2022,458,Malaysia,2e-05,t
