Year,Partner ID,Partner Name,Quantity,Unit
2020,0,World,0.44762,t
2020,40,Austria,0.00046,t
2020,156,China,0.4405,t
2020,380,Italy,3e-05,t
2020,404,Kenya,0.0066300000000000005,t
2022,0,World,0.01282,t
2022,56,Belgium,1e-05,t
2022,156,China,0.00126,t
2022,404,Kenya,0.0064,t
2022,699,India,0.0051400000000000005,t
2022,826,United Kingdom,1e-05,t
