Year,Partner ID,Partner Name,Quantity,Unit
2020,0,World,0.0172923,t
2020,842,USA,0.0001173,t
2020,826,United Kingdom,0.017175,t
2022,0,World,0.0,
2022,826,United Kingdom,0.0,
2023,0,World,0.0011289000000000002,t
2023,699,India,3e-05,t
2023,842,USA,0.0010989,t
