Year,Partner ID,Partner Name,Quantity,Unit
2020,0,World,0.10151,t
2020,710,South Africa,0.08351000000000001,t
2020,894,Zambia,0.018000000000000002,t
2021,0,World,0.028722300000000003,t
2021,710,South Africa,0.028722300000000003,t
2022,0,World,0.1392109,t
2022,516,Namibia,0.003,t
2022,699,India,0.0024709000000000003,t
2022,710,South Africa,0.13374,t
2023,0,World,0.3765218,t
2023,156,China,0.0004,t
2023,699,India,1e-05,t
2023,710,South Africa,0.0729718,t
2023,826,United Kingdom,0.30314,t
