Year,Partner ID,Partner Name,Quantity,Unit
2020,0,World,0.384705,t
2020,710,South Africa,0.38458,t
2020,699,India,0.000125,t
2022,0,World,0.9613188,t
2022,156,China,0.33966,t
2022,710,South Africa,0.6216588000000001,t
2023,0,World,0.27285240000000005,t
2023,156,China,0.27,t
2023,699,India,0.00031239999999999903,t
2023,710,South Africa,0.00254,t
