Year,Partner ID,Partner Name,Quantity,Unit
2022,0,World,8.19e-05,t
2022,705,Slovenia,8.19e-05,t
2023,0,World,2.484895,t
2023,276,Germany,2.41413,t
2023,380,Italy,0.07076500000000001,t
2024,0,World,1.06320506,t
2024,56,Belgium,0.00104306,t
2024,276,Germany,0.462258,t
2024,380,Italy,0.599904,t
