Year,Partner ID,Partner Name,Quantity,Unit
2020,0,World,4.4999999999999996e-05,t
2020,276,Germany,4.4999999999999996e-05,t
