Year,Partner ID,Partner Name,Quantity,Unit
2020,0,World,0.3519,t
2020,826,United Kingdom,0.3519,t
2022,0,World,0.9563439,t
2022,703,Slovakia,0.03,t
2022,804,Ukraine,9.39e-05,t
2022,826,United Kingdom,0.9262499999999999,t
2023,0,World,0.1212,t
2023,528,Netherlands,0.00075,t
2023,826,United Kingdom,0.12,t
2023,842,USA,0.00045,t
2024,0,World,0.069,t
2024,528,Netherlands,0.0015,t
2024,826,United Kingdom,0.0675,t
