Year,Partner ID,Partner Name,Quantity,Unit
2020,0,World,162.3213,t
2020,36,Australia,0.0003,t
2020,40,Austria,162.321,t
2022,0,World,202.4829,t
2022,40,Austria,196.4523,t
2022,276,Germany,4.9029,t
2022,752,Sweden,1.1277,t
2023,0,World,267.50489999999996,t
2023,40,Austria,261.74025,t
2023,276,Germany,5.76465,t
2024,0,World,26.69745,t
2024,40,Austria,10.413,t
2024,156,China,0.0003,t
2024,276,Germany,16.28415,t
