Year,Partner ID,Partner Name,Quantity,Unit
2020,0,World,0.00405,t
2020,32,Argentina,0.00405,t
2022,0,World,0.04725,t
2022,32,Argentina,0.00435,t
2022,484,Mexico,0.042899999999999994,t
2023,0,World,0.12135,t
2023,32,Argentina,0.00435,t
2023,484,Mexico,0.11699999999999999,t
2024,0,World,0.0087,t
2024,32,Argentina,0.00855,t
2024,344,"China, Hong Kong SAR",0.00015,t
