Year,Partner ID,Partner Name,Quantity,Unit
2020,0,World,63.204,t
2020,156,China,63.204,t
2021,0,World,0.6149999999999999,t
2021,156,China,0.6149999999999999,t
