Year,Partner ID,Partner Name,Quantity,Unit
2020,0,World,0.013028999999999983,t
2020,842,USA,0.013028999999999983,t
