Year,Partner ID,Partner Name,Quantity,Unit
2020,0,World,0.0396,t
2020,490,"Other Asia, nes",0.0396,t
2021,0,World,0.053399999999999996,t
2021,490,"Other Asia, nes",0.053399999999999996,t
2022,0,World,0.0375,t
2022,490,"Other Asia, nes",0.0375,t
2023,0,World,0.0375,t
2023,490,"Other Asia, nes",0.0375,t
2024,0,World,0.0003,t
2024,156,China,0.0003,t
