Year,Partner ID,Partner Name,Quantity,Unit
2022,0,World,0.035265,t
2022,180,Dem. Rep. of the Congo,0.035265,t
2023,0,World,0.3991515,t
2023,710,South Africa,0.3991515,t
2024,0,World,0.0031574999999999997,t
2024,710,South Africa,0.0031574999999999997,t
