Year,Partner ID,Partner Name,Quantity,Unit
2020,0,World,3.345808,t
2020,634,Qatar,0.095432,t
2020,842,USA,3.2503759999999997,t
2021,0,World,177.530696,t
2021,56,Belgium,135.564,t
2021,842,USA,41.966696000000006,t
2022,0,World,1.206488,t
2022,842,USA,1.206488,t
