Year,Partner ID,Partner Name,Quantity,Unit
2021,0,World,0.004582,t
2021,8,Albania,0.0038236,t
2021,688,Serbia,0.0007583999999999999,t
2022,0,World,0.0034444000000000002,t
2022,70,Bosnia Herzegovina,0.0002212,t
2022,688,Serbia,0.0032231999999999365,t
2023,0,World,0.0013272,t
2023,688,Serbia,0.000632,t
2023,705,Slovenia,0.0006952000000000001,t
2024,0,World,0.00158,t
2024,688,Serbia,0.00158,t
