Year,Partner ID,Partner Name,Quantity,Unit
2020,0,World,18.2016,t
2020,643,Russian Federation,18.2016,t
2021,0,World,22.372799999999998,t
2021,643,Russian Federation,22.372799999999998,t
2022,0,World,10.112,t
2022,643,Russian Federation,9.606399999999999,t
2022,792,Türkiye,0.5056,t
