Year,Partner ID,Partner Name,Quantity,Unit
2022,0,World,0.316,t
2022,752,Sweden,0.316,t
2023,0,World,0.000842456,t
2023,124,Canada,0.000210456,t
2023,842,USA,0.000632,t
