Year,Partner ID,Partner Name,Quantity,Unit
2021,0,World,35.221992,t
2021,76,Brazil,35.127192,t
2021,222,El Salvador,0.000632,t
2021,558,Nicaragua,0.094168,t
2022,0,World,0.000632,t
2022,222,El Salvador,0.000632,t
