Year,Partner ID,Partner Name,Quantity,Unit
2020,0,World,0.007710399999999937,t
2020,392,Japan,0.007710399999999937,t
2022,0,World,173.8,t
2022,364,Iran,173.8,t
2024,0,World,260.7,t
2024,364,Iran,260.7,t
