Year,Partner ID,Partner Name,Quantity,Unit
2021,0,World,0.48727200000000004,t
2021,643,Russian Federation,0.48727200000000004,t
2022,0,World,15.8,t
2022,643,Russian Federation,15.8,t
2023,0,World,0.2224008,t
2023,643,Russian Federation,0.2224008,t
2024,0,World,0.0013272,t
2024,643,Russian Federation,0.0013272,t
