Year,Partner ID,Partner Name,Quantity,Unit
2020,0,World,1.896,t
2020,50,Bangladesh,1.896,t
2021,0,World,3.9816,t
2021,490,"Other Asia, nes",3.9816,t
2022,0,World,0.32232,t
2022,360,Indonesia,0.32232,t
2023,0,World,0.536568,t
2023,699,India,0.38868,t
2023,764,Thailand,0.14788800000000002,t
2024,0,World,0.474,t
2024,699,India,0.474,t
