Year,Partner ID,Partner Name,Quantity,Unit
2021,0,World,0.00018959999999999997,t
2021,710,South Africa,0.00018959999999999997,t
