Year,Partner ID,Partner Name,Quantity,Unit
2020,0,World,0.005798600000000001,t
2020,570,Niue,0.005798600000000001,t
