Year,Partner ID,Partner Name,Quantity,Unit
2022,0,World,15.6736,t
2022,410,Rep. of Korea,15.6736,t
2023,0,World,33.349376,t
2023,458,Malaysia,30.68992,t
2023,764,Thailand,2.659456,t
2024,0,World,9.430072,t
2024,458,Malaysia,9.430072,t
