Year,Partner ID,Partner Name,Quantity,Unit
2020,0,World,0.893016,t
2020,100,Bulgaria,0.01264,t
2020,112,Belarus,0.731224,t
2020,203,Czechia,0.002528,t
2020,398,Kazakhstan,0.144096,t
2020,860,Uzbekistan,0.002528,t
2021,0,World,2.479968,t
2021,112,Belarus,1.4232639999999999,t
2021,398,Kazakhstan,0.953056,t
2021,804,Ukraine,0.10112,t
2021,860,Uzbekistan,0.002528,t
