Year,Partner ID,Partner Name,Quantity,Unit
2020,0,World,2.598222152,t
2020,246,Finland,0.070222152,t
2020,579,Norway,2.528,t
2021,0,World,1.4909271840000002,t
2021,246,Finland,0.226927184,t
2021,579,Norway,1.264,t
2022,0,World,6.952,t
2022,246,Finland,1.896,t
2022,579,Norway,5.056,t
2023,0,World,2.564374128,t
2023,579,Norway,2.528,t
2023,764,Thailand,0.036374128,t
2024,0,World,0.11657682399999994,t
2024,246,Finland,0.058288728000000005,t
2024,764,Thailand,0.058288728000000005,t
