Year,Partner ID,Partner Name,Quantity,Unit
2021,0,World,0.0056879999999999995,t
2021,414,Kuwait,0.0056879999999999995,t
2022,0,World,0.025495512,t
2022,276,Germany,0.02528,t
2022,380,Italy,0.000215512,t
2023,0,World,1.79172,t
2023,699,India,1.79172,t
