Year,Partner ID,Partner Name,Quantity,Unit
2020,0,World,7.9417752,t
2020,400,Jordan,5.75278,t
2020,699,India,2.1889952,t
2021,0,World,0.91008,t
2021,586,Pakistan,0.3792,t
2021,634,Qatar,0.53088,t
2022,0,World,1.93392,t
2022,48,Bahrain,1.27032,t
2022,368,Iraq,0.6636000000000001,t
2023,0,World,0.0,
2023,48,Bahrain,0.275552,t
2023,180,Dem. Rep. of the Congo,0.0,
2023,634,Qatar,0.948,t
