Year,Partner ID,Partner Name,Quantity,Unit
2024,0,World,0.050669967999999996,t
2024,8,Albania,0.050669967999999996,t
