Year,Partner ID,Partner Name,Quantity,Unit
2020,0,World,5.474043,t
2020,156,China,0.9027,t
2020,604,Peru,1.508175,t
2020,724,Spain,0.762,t
2020,826,United Kingdom,2.290962,t
2020,842,USA,0.010206,t
2022,0,World,0.22131,t
2022,100,Bulgaria,0.00033,t
2022,842,USA,0.22098,t
2023,0,World,0.0,
2023,156,China,0.0,
2024,0,World,4.04043,t
2024,156,China,3.93171,t
2024,380,Italy,0.032819999999999995,t
2024,604,Peru,0.0759,t
