Year,Partner ID,Partner Name,Quantity,Unit
2020,0,World,0.0105,t
2020,842,USA,0.0105,t
2021,0,World,0.18,t
2021,76,Brazil,0.18,t
2022,0,World,127.8,t
2022,826,United Kingdom,127.8,t
2023,0,World,0.312297,t
2023,76,Brazil,0.12,t
2023,842,USA,0.19229700000000002,t
2024,0,World,0.332898,t
2024,699,India,0.24,t
2024,842,USA,0.092898,t
