Year,Partner ID,Partner Name,Quantity,Unit
2024,0,World,0.10319999999999999,t
2024,156,China,0.10319999999999999,t
