Year,Partner ID,Partner Name,Quantity,Unit
2021,0,World,1.8469545,t
2021,528,Netherlands,0.0558237,t
2021,579,Norway,1.7911307999999997,t
2022,0,World,7.199999999999999,t
2022,156,China,7.199999999999999,t
2023,0,World,13.8776517,t
2023,156,China,13.8744,t
2023,528,Netherlands,0.0032516999999999997,t
