Year,Partner ID,Partner Name,Quantity,Unit
2020,0,World,49.178973,t
2020,56,Belgium,47.849811599999995,t
2020,276,Germany,1.3291613999999998,t
2021,0,World,99.10793039999999,t
2021,400,Jordan,99.10793039999999,t
2024,0,World,1.2094563,t
2024,276,Germany,1.2094563,t
