Year,Partner ID,Partner Name,Quantity,Unit
2021,0,World,0.8999999999999999,t
2021,842,USA,0.8999999999999999,t
2022,0,World,0.6,t
2022,842,USA,0.6,t
