Year,Partner ID,Partner Name,Quantity,Unit
2020,0,World,0.000225,t
2020,276,Germany,0.00015,t
2020,616,Poland,7.5e-05,t
2022,0,World,60.96684,t
2022,233,Estonia,5.0763,t
2022,276,Germany,0.0078,t
2022,417,Kyrgyzstan,55.88274,t
2023,0,World,40.9374,t
2023,76,Brazil,0.8999999999999999,t
2023,233,Estonia,40.029599999999995,t
2023,276,Germany,0.0078,t
2024,0,World,24.6081,t
2024,76,Brazil,0.36,t
2024,233,Estonia,19.335299999999997,t
2024,276,Germany,4.9128,t
