Year,Partner ID,Partner Name,Quantity,Unit
2022,0,World,0.0,
2022,32,Argentina,0.9566838,t
2022,528,Netherlands,0.0,
2023,0,World,48.698630099999995,t
2023,76,Brazil,36.0,t
2023,156,China,1.5,t
2023,504,Morocco,0.09863009999999998,t
2023,528,Netherlands,11.1,t
2024,0,World,74.3368794,t
2024,392,Japan,3.5793225,t
2024,528,Netherlands,70.7575569,t
