Year,Partner ID,Partner Name,Quantity,Unit
2020,0,World,356814.30786,t
2020,156,China,4.52106,t
2020,251,France,40.5,t
2020,266,Gabon,60328.187999999995,t
2020,268,Georgia,620.685,t
2020,276,Germany,0.075,t
2020,398,Kazakhstan,37204.2978,t
2020,417,Kyrgyzstan,56.900999999999996,t
2020,504,Morocco,6.0,t
2020,528,Netherlands,187.275,t
2020,699,India,15.879,t
2020,710,South Africa,258071.976,t
2020,804,Ukraine,224.28,t
2020,842,USA,53.73,t
