Year,Partner ID,Partner Name,Quantity,Unit
2022,0,World,16847.853,t
2022,76,Brazil,162.513,t
2022,266,Gabon,3336.27,t
2022,710,South Africa,13027.17,t
2022,784,United Arab Emirates,321.9,t
2023,0,World,7558.454999999999,t
2023,344,"China, Hong Kong SAR",900.0,t
2023,598,Papua New Guinea,824.808,t
2023,710,South Africa,5512.320000000001,t
2023,784,United Arab Emirates,321.32699999999994,t
