Year,Partner ID,Partner Name,Quantity,Unit
2020,0,World,1.2577500000000001,t
2020,56,Belgium,0.387,t
2020,300,Greece,0.8514,t
2020,724,Spain,0.019350000000000003,t
2022,0,World,0.0030960000000000002,t
2022,300,Greece,0.0030960000000000002,t
2023,0,World,3.1805153820000003,t
2023,156,China,0.01548,t
2023,276,Germany,0.26253538199999993,t
2023,380,Italy,2.9025,t
2024,0,World,14.706,t
2024,380,Italy,14.706,t
