Year,Partner ID,Partner Name,Quantity,Unit
2020,0,World,19.35,t
2020,268,Georgia,19.35,t
2022,0,World,41.796,t
2022,268,Georgia,38.7,t
2022,528,Netherlands,3.096,t
2023,0,World,40.635,t
2023,268,Georgia,38.7,t
2023,380,Italy,1.935,t
2024,0,World,81.27,t
2024,268,Georgia,58.050000000000004,t
2024,528,Netherlands,3.096,t
2024,699,India,20.124000000000002,t
