Year,Partner ID,Partner Name,Quantity,Unit
2020,0,World,0.775548,t
2020,528,Netherlands,0.774,t
2020,842,USA,0.0015480000000000001,t
2022,0,World,0.33857469,t
2022,251,France,0.24209017200000002,t
2022,276,Germany,0.0007740000000000001,t
2022,842,USA,0.095709744,t
2023,0,World,0.7132069440000001,t
2023,276,Germany,0.42957000000000006,t
2023,842,USA,0.283636944,t
2024,0,World,0.0,
2024,276,Germany,0.232974,t
2024,842,USA,0.0,
