Year,Partner ID,Partner Name,Quantity,Unit
2020,0,World,0.0,
2020,276,Germany,0.0,
2021,0,World,0.0007740000000000001,t
2021,792,Türkiye,0.0007740000000000001,t
2022,0,World,0.0007740000000000001,t
2022,792,Türkiye,0.0007740000000000001,t
2023,0,World,348.736536,t
2023,56,Belgium,0.9675,t
2023,251,France,76.869036,t
2023,380,Italy,19.35,t
2023,528,Netherlands,135.45000000000002,t
2023,724,Spain,19.35,t
2023,826,United Kingdom,96.75,t
