Year,Partner ID,Partner Name,Quantity,Unit
2021,0,World,0.13622399999999998,t
2021,566,Nigeria,0.0007740000000000001,t
2021,699,India,0.13545,t
2022,0,World,0.43344000000000005,t
2022,528,Netherlands,0.387,t
2022,699,India,0.04644,t
2023,0,World,0.698922,t
2023,276,Germany,0.0023220000000000003,t
2023,554,New Zealand,0.6966,t
