Year,Partner ID,Partner Name,Quantity,Unit
2020,0,World,30.117888,t
2020,842,USA,30.117888,t
2021,0,World,35.58078,t
2021,842,USA,35.58078,t
2022,0,World,44.892,t
2022,842,USA,44.892,t
2023,0,World,21.663873,t
2023,842,USA,21.663873,t
