Year,Partner ID,Partner Name,Quantity,Unit
2020,0,World,2.8459980000000002,t
2020,842,USA,2.8459980000000002,t
2021,0,World,0.51152886,t
2021,842,USA,0.51152886,t
2023,0,World,1.458216,t
2023,842,USA,1.458216,t
2024,0,World,1.48692366,t
2024,842,USA,1.48692366,t
