Year,Partner ID,Partner Name,Quantity,Unit
2020,0,World,0.160218,t
2020,842,USA,0.160218,t
2021,0,World,23.198328,t
2021,56,Belgium,21.448314,t
2021,392,Japan,1.161,t
2021,842,USA,0.589014,t
2022,0,World,61.979598,t
2022,56,Belgium,58.883598,t
2022,392,Japan,3.096,t
2023,0,World,28.125612,t
2023,56,Belgium,27.81756,t
2023,842,USA,0.30805200000000005,t
