Year,Partner ID,Partner Name,Quantity,Unit
2023,0,World,0.06192,t
2023,842,USA,0.06192,t
2024,0,World,19.554336,t
2024,380,Italy,0.20433600000000002,t
2024,710,South Africa,19.35,t
