Year,Partner ID,Partner Name,Quantity,Unit
2020,0,World,105.651,t
2020,704,Viet Nam,105.651,t
2021,0,World,29.025000000000002,t
2021,704,Viet Nam,29.025000000000002,t
2022,0,World,15.48,t
2022,156,China,15.48,t
