Year,Partner ID,Partner Name,Quantity,Unit
2021,0,World,56.015928,t
2021,699,India,43.40592,t
2021,842,USA,12.610008000000002,t
