Year,Partner ID,Partner Name,Quantity,Unit
2021,0,World,0.0007740000000000001,t
2021,643,Russian Federation,0.0007740000000000001,t
2022,0,World,0.04644,t
2022,56,Belgium,0.04644,t
