Year,Partner ID,Partner Name,Quantity,Unit
2020,0,World,1192.899623616,t
2020,842,USA,1192.899623616,t
2021,0,World,162.887526,t
2021,842,USA,162.887526,t
2022,0,World,124.425144,t
2022,842,USA,124.425144,t
2023,0,World,333.751896,t
2023,842,USA,333.751896,t
2024,0,World,146.913714,t
2024,842,USA,146.913714,t
