Year,Partner ID,Partner Name,Quantity,Unit
2020,0,World,0.8901,t
2020,56,Belgium,0.8901,t
2022,0,World,0.0007740000000000001,t
2022,842,USA,0.0007740000000000001,t
2023,0,World,0.30960000000000004,t
2023,56,Belgium,0.30960000000000004,t
2024,0,World,0.15480000000000002,t
2024,642,Romania,0.15480000000000002,t
