Year,Partner ID,Partner Name,Quantity,Unit
2020,0,World,0.023994,t
2020,156,China,0.021672,t
2020,842,USA,0.0023220000000000003,t
2023,0,World,0.02322,t
2023,842,USA,0.02322,t
