Year,Partner ID,Partner Name,Quantity,Unit
2022,0,World,16.254,t
2022,76,Brazil,16.254,t
2023,0,World,17.029548,t
2023,76,Brazil,17.028,t
2023,710,South Africa,0.0015480000000000001,t
2024,0,World,37.34741178,t
2024,76,Brazil,37.34741178,t
