Year,Partner ID,Partner Name,Quantity,Unit
2020,0,World,0.178794,t
2020,528,Netherlands,0.178794,t
2021,0,World,3.096,t
2021,422,Lebanon,3.096,t
2022,0,World,0.019350000000000003,t
2022,699,India,0.019350000000000003,t
2023,0,World,0.5031,t
2023,251,France,0.5031,t
2024,0,World,0.35139600000000004,t
2024,56,Belgium,0.07817400000000001,t
2024,528,Netherlands,0.27322199999999996,t
