Year,Partner ID,Partner Name,Quantity,Unit
2022,0,World,0.1161,t
2022,156,China,0.1161,t
2023,0,World,9.695124,t
2023,699,India,9.69435,t
2023,710,South Africa,0.0007740000000000001,t
2024,0,World,1.548,t
2024,156,China,1.548,t
