Year,Partner ID,Partner Name,Quantity,Unit
2020,0,World,0.009288000000000001,t
2020,76,Brazil,0.009288000000000001,t
