Year,Partner ID,Partner Name,Quantity,Unit
2020,0,World,37.016799999999996,t
2020,398,Kazakhstan,1.2792000000000001,t
2020,643,Russian Federation,34.9376,t
2020,860,Uzbekistan,0.8,t
2021,0,World,47.832820000000005,t
2021,398,Kazakhstan,2.47642,t
2021,643,Russian Federation,45.3564,t
