Year,Partner ID,Partner Name,Quantity,Unit
2023,0,World,0.00017999999999999998,t
2023,180,Dem. Rep. of the Congo,0.00017999999999999998,t
