Year,Partner ID,Partner Name,Quantity,Unit
2020,0,World,0.24664000000000003,t
2020,604,Peru,0.24664000000000003,t
2021,0,World,0.3004,t
2021,724,Spain,0.3,t
2021,842,USA,0.0004,t
2023,0,World,0.00028000000000000003,t
2023,170,Colombia,6e-05,t
2023,604,Peru,0.00021999999999999998,t
2024,0,World,0.22444,t
2024,188,Costa Rica,0.122,t
2024,604,Peru,0.10039999999999999,t
2024,764,Thailand,0.0020399999999999997,t
