Year,Partner ID,Partner Name,Quantity,Unit
2020,0,World,3.4e-05,t
2020,188,Costa Rica,3.4e-05,t
2021,0,World,2.0039316,t
2021,320,Guatemala,0.000931599999999998,t
2021,340,Honduras,2.003,t
2023,0,World,0.00358,t
2023,320,Guatemala,0.00358,t
2024,0,World,0.200084,t
2024,170,Colombia,4.000000000000001e-06,t
2024,320,Guatemala,0.20008,t
