Year,Partner ID,Partner Name,Quantity,Unit
2020,0,World,7.8556,t
2020,68,Bolivia (Plurinational State of),0.03008,t
2020,600,Paraguay,7.79682,t
2020,858,Uruguay,0.028700000000000003,t
2021,0,World,1.12005,t
2021,600,Paraguay,1.12005,t
2022,0,World,4.300765,t
2022,68,Bolivia (Plurinational State of),0.16006499999999999,t
2022,600,Paraguay,4.1407,t
2023,0,World,0.024361,t
2023,600,Paraguay,0.021181000000000002,t
2023,858,Uruguay,0.00318,t
