Year,Partner ID,Partner Name,Quantity,Unit
2020,0,World,1.92,t
2020,320,Guatemala,1.92,t
2021,0,World,10.563360000000001,t
2021,188,Costa Rica,0.16335999999999998,t
2021,320,Guatemala,10.4,t
2023,0,World,0.8,t
2023,320,Guatemala,0.8,t
2024,0,World,3.7,t
2024,188,Costa Rica,1.8,t
2024,320,Guatemala,1.9000000000000001,t
