Year,Partner ID,Partner Name,Quantity,Unit
2020,0,World,0.00012800000000000002,t
2020,392,Japan,6.8e-05,t
2020,702,Singapore,6e-05,t
2021,0,World,0.004,t
2021,764,Thailand,0.004,t
2022,0,World,3e-05,t
2022,702,Singapore,3e-05,t
2023,0,World,100.10000000000001,t
2023,156,China,99.60000000000001,t
2023,704,Viet Nam,0.5,t
2024,0,World,90.84750259999998,t
2024,156,China,90.8,t
2024,458,Malaysia,0.0475,t
2024,702,Singapore,2.5999999999999997e-06,t
