Year,Partner ID,Partner Name,Quantity,Unit
2021,0,World,0.11568123999999999,t
2021,616,Poland,0.02313624,t
2021,818,Egypt,0.06940874,t
2021,842,USA,0.02313624,t
2023,0,World,0.0,
2023,604,Peru,0.0,
2023,616,Poland,0.0,
2023,842,USA,0.0,
2024,0,World,0.58528106,t
2024,566,Nigeria,0.58528106,t
