Year,Partner ID,Partner Name,Quantity,Unit
2020,0,World,0.04,t
2020,768,Togo,0.04,t
2021,0,World,0.2205,t
2021,288,Ghana,0.2,t
2021,466,Mali,0.0005,t
2021,768,Togo,0.02,t
2022,0,World,0.044000000000000004,t
2022,768,Togo,0.044000000000000004,t
2023,0,World,0.0005,t
2023,466,Mali,0.0005,t
2024,0,World,0.00256,t
2024,566,Nigeria,0.00026,t
2024,686,Senegal,0.0023,t
