Year,Partner ID,Partner Name,Quantity,Unit
2021,0,World,92.79459999999999,t
2021,398,Kazakhstan,92.35459999999999,t
2021,643,Russian Federation,0.44,t
2022,0,World,35.129200000000004,t
2022,398,Kazakhstan,35.129200000000004,t
2023,0,World,64.0856,t
2023,398,Kazakhstan,64.0856,t
2024,0,World,63.8252,t
2024,398,Kazakhstan,63.8252,t
