Year,Partner ID,Partner Name,Quantity,Unit
2020,0,World,5.227580000000001,t
2020,56,Belgium,4.63088,t
2020,251,France,0.5162,t
2020,276,Germany,0.08,t
2020,528,Netherlands,0.0005,t
2021,0,World,3.6262000000000003,t
2021,56,Belgium,0.0004,t
2021,251,France,3.6258,t
2022,0,World,1.2692,t
2022,251,France,1.2692,t
2023,0,World,1.2955,t
2023,251,France,1.29548,t
2023,276,Germany,2e-05,t
2024,0,World,1.4772399999999999,t
2024,251,France,1.4772399999999999,t
