Year,Partner ID,Partner Name,Quantity,Unit
2021,0,World,0.0005600000000000001,t
2021,710,South Africa,0.0005600000000000001,t
2022,0,World,4e-05,t
2022,516,Namibia,4e-05,t
2024,0,World,0.49158,t
2024,480,Mauritius,0.49158,t
