Year,Partner ID,Partner Name,Quantity,Unit
2020,0,World,0.826,t
2020,4,Afghanistan,0.826,t
2023,0,World,0.032799999999999996,t
2023,512,Oman,0.032799999999999996,t
2024,0,World,0.2572,t
2024,4,Afghanistan,0.01,t
2024,512,Oman,0.2472,t
