Year,Partner ID,Partner Name,Quantity,Unit
2020,0,World,2e-05,t
2020,699,India,2e-05,t
2023,0,World,0.7122320000000001,t
2023,156,China,0.7122320000000001,t
