Year,Partner ID,Partner Name,Quantity,Unit
2020,0,World,0.0,
2020,276,Germany,0.0,
2021,887,Yemen,0.6238,t
2021,729,Sudan,0.5,t
2021,414,Kuwait,0.2,t
2021,792,Türkiye,1.2,t
2021,76,Brazil,16.0,t
2021,48,Bahrain,0.0003,t
2021,0,World,19.944100000000002,t
2021,400,Jordan,1.42,t
2022,0,World,1.02446,t
2022,400,Jordan,0.545,t
2022,784,United Arab Emirates,0.14400000000000002,t
2022,887,Yemen,0.33546,t
2024,276,Germany,1.05494,t
2024,0,World,1.13974,t
2024,48,Bahrain,0.08,t
2024,842,USA,0.0048,t
