Year,Partner ID,Partner Name,Quantity,Unit
2020,0,World,0.2184,t
2020,270,Gambia,0.2184,t
2021,0,World,0.067,t
2021,262,Djibouti,0.067,t
2022,0,World,0.02,t
2022,466,Mali,0.011000000000000001,t
2022,854,Burkina Faso,0.009000000000000001,t
2023,0,World,0.037000000000000005,t
2023,478,Mauritania,0.015,t
2023,384,Côte d'Ivoire,0.022000000000000002,t
2024,0,World,0.005,t
2024,384,Côte d'Ivoire,0.005,t
