Year,Partner ID,Partner Name,Quantity,Unit
2020,0,World,0.0005,t
2020,191,Croatia,0.0005,t
2022,0,World,0.17600000000000002,t
2022,191,Croatia,0.17600000000000002,t
2023,0,World,0.14800000000000002,t
2023,191,Croatia,0.14800000000000002,t
