Year,Partner ID,Partner Name,Quantity,Unit
2020,0,World,0.00067,t
2020,800,Uganda,0.00067,t
2023,0,World,0.0005,t
2023,180,Dem. Rep. of the Congo,0.0005,t
2024,0,World,0.058333199999999995,t
2024,512,Oman,0.058333199999999995,t
