Year,Partner ID,Partner Name,Quantity,Unit
2020,0,World,59.4042,t
2020,246,Finland,6.942,t
2020,276,Germany,26.4,t
2020,579,Norway,26.062199999999997,t
2022,0,World,37.14,t
2022,36,Australia,0.06,t
2022,276,Germany,36.6,t
2022,616,Poland,0.48,t
2023,616,Poland,3.444,t
2023,0,World,30.413999999999998,t
2023,276,Germany,26.970000000000002,t
2024,528,Netherlands,0.06,t
2024,0,World,124.5603,t
2024,246,Finland,3.9,t
2024,276,Germany,28.2303,t
2024,417,Kyrgyzstan,91.77,t
2024,616,Poland,0.6,t
