Year,Partner ID,Partner Name,Quantity,Unit
2021,0,World,1.3721999999999999,t
2021,699,India,1.3721999999999999,t
2022,0,World,0.096,t
2022,699,India,0.096,t
