Year,Partner ID,Partner Name,Quantity,Unit
2020,0,World,0.1424994,t
2020,792,Türkiye,0.1424994,t
2021,0,World,0.0989106,t
2021,699,India,0.0989106,t
2022,0,World,0.0534204,t
2022,156,China,0.0534204,t
