Year,Partner ID,Partner Name,Quantity,Unit
2022,0,World,0.006,t
2022,699,India,0.006,t
2024,0,World,0.5711999999999999,t
2024,251,France,0.5711999999999999,t
