Year,Partner ID,Partner Name,Quantity,Unit
2021,0,World,3.6311999999999998,t
2021,251,France,3.0,t
2021,826,United Kingdom,0.6312,t
2022,0,World,0.92418,t
2022,251,France,0.6125999999999999,t
2022,699,India,0.31157999999999997,t
2023,0,World,10.53834,t
2023,288,Ghana,0.0008399999999999999,t
2023,699,India,9.5001,t
2023,710,South Africa,1.0374,t
