Year,Partner ID,Partner Name,Quantity,Unit
2020,0,World,2.0022,t
2020,76,Brazil,1.2222,t
2020,156,China,0.78,t
2022,0,World,0.97581,t
2022,76,Brazil,0.97581,t
2023,0,World,1.0023,t
2023,76,Brazil,1.0023,t
2024,0,World,0.69948,t
2024,76,Brazil,0.69948,t
