Year,Partner ID,Partner Name,Quantity,Unit
2024,0,World,3.0791999999999997,t
2024,156,China,3.0791999999999997,t
