Year,Partner ID,Partner Name,Quantity,Unit
2023,0,World,33.8328,t
2023,156,China,33.8328,t
2024,0,World,0.28259999999999996,t
2024,699,India,0.28259999999999996,t
