Year,Partner ID,Partner Name,Quantity,Unit
2020,0,World,0.009000000000000001,t
2020,528,Netherlands,0.009000000000000001,t
2022,0,World,0.081,t
2022,528,Netherlands,0.081,t
2023,0,World,0.029249999999999998,t
2023,156,China,0.0075,t
2023,276,Germany,0.0195,t
2023,579,Norway,0.00075,t
2023,752,Sweden,0.0015,t
2024,0,World,0.056249999999999994,t
2024,579,Norway,0.056249999999999994,t
