Year,Partner ID,Partner Name,Quantity,Unit
2021,0,World,0.8594999999999999,t
2021,40,Austria,0.8594999999999999,t
