Year,Partner ID,Partner Name,Quantity,Unit
2021,0,World,0.026999999999999996,t
2021,826,United Kingdom,0.00375,t
2021,842,USA,0.02325,t
2024,0,World,0.051000000000000004,t
2024,276,Germany,0.051000000000000004,t
