Year,Partner ID,Partner Name,Quantity,Unit
2020,0,World,0.427551,t
2020,842,USA,0.427551,t
2021,0,World,0.0,
2021,842,USA,0.0,
2022,0,World,0.20439,t
2022,842,USA,0.20439,t
2023,0,World,0.35986125,t
2023,842,USA,0.35986125,t
2024,0,World,0.3225825,t
2024,842,USA,0.3225825,t
