Year,Partner ID,Partner Name,Quantity,Unit
2020,0,World,0.11549999999999999,t
2020,156,China,0.025500000000000002,t
2020,764,Thailand,0.09,t
2021,0,World,0.22499999999999998,t
2021,764,Thailand,0.22499999999999998,t
2022,0,World,0.058499999999999996,t
2022,156,China,0.058499999999999996,t
2023,0,World,551.2916250000001,t
2023,392,Japan,97.01475,t
2023,458,Malaysia,100.089,t
2023,702,Singapore,18.975749999999998,t
2023,899,"Areas, nes",335.212125,t
