Year,Partner ID,Partner Name,Quantity,Unit
2022,0,World,0.0314925,t
2022,233,Estonia,0.0314925,t
2023,0,World,0.359541,t
2023,233,Estonia,0.359541,t
2024,0,World,0.01109325,t
2024,233,Estonia,0.01109325,t
