Year,Partner ID,Partner Name,Quantity,Unit
2020,0,World,0.056249999999999994,t
2020,40,Austria,0.056249999999999994,t
2021,0,World,0.0022500000000000003,t
2021,276,Germany,0.0022500000000000003,t
2022,0,World,0.43424999999999997,t
2022,56,Belgium,0.39,t
2022,528,Netherlands,0.04425,t
2023,0,World,0.001608,t
2023,56,Belgium,0.001608,t
