Year,Partner ID,Partner Name,Quantity,Unit
2022,0,World,0.003,t
2022,826,United Kingdom,0.003,t
2023,0,World,0.0022500000000000003,t
2023,826,United Kingdom,0.0022500000000000003,t
2024,0,World,0.0045000000000000005,t
2024,792,Türkiye,0.0045000000000000005,t
