Year,Partner ID,Partner Name,Quantity,Unit
2023,0,World,0.07500000000000001,t
2023,826,United Kingdom,0.07500000000000001,t
