Year,Partner ID,Partner Name,Quantity,Unit
2023,0,World,0.009000000000000001,t
2023,380,Italy,0.009000000000000001,t
2024,0,World,0.11099999999999999,t
2024,724,Spain,0.11099999999999999,t
