Year,Partner ID,Partner Name,Quantity,Unit
2020,0,World,0.26249999999999996,t
2020,152,Chile,0.26249999999999996,t
