Year,Partner ID,Partner Name,Quantity,Unit
2020,0,World,0.0022500000000000003,t
2020,276,Germany,0.0022500000000000003,t
2023,0,World,0.7395,t
2023,348,Hungary,0.7395,t
2024,0,World,0.0,
2024,203,Czechia,0.0,
2024,251,France,0.00075,t
2024,348,Hungary,50.61749999999999,t
2024,568,"Other Europe, nes",0.8135175000000001,t
2024,616,Poland,0.00075,t
