Year,Partner ID,Partner Name,Quantity,Unit
2020,0,World,0.0007125,t
2020,490,"Other Asia, nes",0.0007125,t
2022,0,World,0.001095,t
2022,276,Germany,0.001095,t
2024,0,World,0.0039375,t
2024,276,Germany,0.000375,t
2024,490,"Other Asia, nes",0.0035624999999999997,t
