Year,Partner ID,Partner Name,Quantity,Unit
2020,0,World,38.0925,t
2020,364,Iran,38.0925,t
2021,0,World,17.958750000000002,t
2021,364,Iran,17.958750000000002,t
