Year,Partner ID,Partner Name,Quantity,Unit
2021,0,World,9.020000000000001e-05,t
2021,251,France,9.020000000000001e-05,t
2023,0,World,3.5000000000000004e-05,t
2023,251,France,2.5e-05,t
2023,724,Spain,1e-05,t
