Year,Partner ID,Partner Name,Quantity,Unit
2020,0,World,2e-05,t
2020,780,Trinidad and Tobago,2e-05,t
2023,0,World,0.00014000000000000001,t
2023,842,USA,0.00014000000000000001,t
