Year,Partner ID,Partner Name,Quantity,Unit
2020,0,World,0.1889856,t
2020,276,Germany,0.1889856,t
2021,0,World,0.0,
2021,792,Türkiye,0.0,
2021,376,Israel,0.0,
2021,276,Germany,0.0,
2021,203,Czechia,0.0,
2022,0,World,0.1715597,t
2022,203,Czechia,0.0207968,t
2022,699,India,0.0084484,t
2022,792,Türkiye,0.1423145,t
2023,0,World,0.0,
2023,400,Jordan,0.0,
2023,616,Poland,0.0,
2023,56,Belgium,0.0,
2023,826,United Kingdom,0.0,
