Year,Partner ID,Partner Name,Quantity,Unit
2020,0,World,0.028718000000000004,t
2020,124,Canada,0.00018800000000000002,t
2020,842,USA,0.028530000000000003,t
2021,0,World,0.009024,t
2021,842,USA,0.009024,t
2022,0,World,0.042458600000000006,t
2022,842,USA,0.042458600000000006,t
2023,0,World,0.0598278,t
2023,780,Trinidad and Tobago,0.013000000000000001,t
2023,842,USA,0.0468278,t
2024,0,World,0.0382416,t
2024,842,USA,0.0382416,t
