Year,Partner ID,Partner Name,Quantity,Unit
2020,0,World,0.16312000000000001,t
2020,710,South Africa,0.16312000000000001,t
2021,0,World,0.00054,t
2021,710,South Africa,0.00054,t
2022,0,World,0.053680000000000005,t
2022,710,South Africa,0.053680000000000005,t
2023,0,World,0.00486,t
2023,710,South Africa,0.00486,t
2024,0,World,0.041692200000000006,t
2024,710,South Africa,0.041692200000000006,t
