Year,Partner ID,Partner Name,Quantity,Unit
2020,0,World,0.00574248,t
2020,842,USA,0.00574248,t
2021,0,World,0.02189942,t
2021,842,USA,0.02189942,t
2022,0,World,0.00024493999999999997,t
2022,842,USA,0.00024493999999999997,t
2023,0,World,0.28501398,t
2023,842,USA,0.28501398,t
