Year,Partner ID,Partner Name,Quantity,Unit
2020,0,World,0.041118880000000003,t
2020,842,USA,0.004,t
2020,528,Netherlands,0.00311888,t
2020,458,Malaysia,0.034,t
