Year,Partner ID,Partner Name,Quantity,Unit
2020,0,World,0.00124,t
2020,170,Colombia,2e-05,t
2020,528,Netherlands,0.00122,t
2021,0,World,0.0015118000000000002,t
2021,842,USA,0.001172,t
2021,899,"Areas, nes",0.0002264,t
2021,528,Netherlands,0.00011339999999999999,t
2022,0,World,0.0003,t
2022,842,USA,0.0002,t
2022,899,"Areas, nes",0.0001,t
2023,0,World,4.82e-05,t
2023,842,USA,4.82e-05,t
