Year,Partner ID,Partner Name,Quantity,Unit
2020,0,World,0.00948,t
2020,156,China,0.00948,t
2021,0,World,11.8079,t
2021,643,Russian Federation,0.02,t
2021,752,Sweden,11.727360000000001,t
2021,792,Türkiye,0.06,t
2021,251,France,0.00054,t
2022,0,World,0.00248,t
2022,699,India,0.00172,t
2022,251,France,0.00076,t
2023,0,World,0.00172,t
2023,404,Kenya,0.00172,t
2024,0,World,0.00032,t
2024,251,France,0.00032,t
