Year,Partner ID,Partner Name,Quantity,Unit
2020,0,World,0.252608,t
2020,826,United Kingdom,0.23860800000000001,t
2020,792,Türkiye,0.013999999999999999,t
2023,0,World,0.0,
2023,276,Germany,0.0,
