Year,Partner ID,Partner Name,Quantity,Unit
2020,0,World,0.89524,t
2020,40,Austria,0.00092,t
2020,156,China,0.881,t
2020,380,Italy,6e-05,t
2020,404,Kenya,0.013260000000000001,t
2022,0,World,0.02564,t
2022,56,Belgium,2e-05,t
2022,156,China,0.00252,t
2022,404,Kenya,0.0128,t
2022,699,India,0.010280000000000001,t
2022,826,United Kingdom,2e-05,t
