Year,Partner ID,Partner Name,Quantity,Unit
2020,0,World,0.20302,t
2020,710,South Africa,0.16702000000000003,t
2020,894,Zambia,0.036000000000000004,t
2021,0,World,0.057444600000000005,t
2021,710,South Africa,0.057444600000000005,t
2022,0,World,0.2784218,t
2022,516,Namibia,0.006,t
2022,699,India,0.0049418000000000005,t
2022,710,South Africa,0.26748,t
2023,0,World,0.7530436,t
2023,156,China,0.0008,t
2023,699,India,2e-05,t
2023,710,South Africa,0.1459436,t
2023,826,United Kingdom,0.60628,t
