Year,Partner ID,Partner Name,Quantity,Unit
2020,0,World,0.76941,t
2020,710,South Africa,0.76916,t
2020,699,India,0.00025,t
2022,0,World,1.9226376,t
2022,156,China,0.67932,t
2022,710,South Africa,1.2433176000000001,t
2023,0,World,0.5457048000000001,t
2023,156,China,0.54,t
2023,699,India,0.0006247999999999981,t
2023,710,South Africa,0.00508,t
