Year,Partner ID,Partner Name,Quantity,Unit
2020,0,World,0.0051141599999999995,t
2020,826,United Kingdom,0.0051141599999999995,t
2021,0,World,0.0,
2021,554,New Zealand,0.0,
2022,0,World,0.0055739200000000004,t
2022,156,China,0.0055739200000000004,t
2023,0,World,0.0,
2023,554,New Zealand,0.0,
