Year,Partner ID,Partner Name,Quantity,Unit
2022,0,World,320.88960000000003,t
2022,36,Australia,320.88960000000003,t
2023,0,World,558.0096,t
2023,36,Australia,60.288,t
2023,196,Cyprus,299.2056,t
2023,410,Rep. of Korea,187.0308,t
2023,528,Netherlands,11.485199999999999,t
2024,0,World,1106.0172,t
2024,392,Japan,1.1952,t
2024,410,Rep. of Korea,492.9624,t
2024,490,"Other Asia, nes",23.8752,t
2024,699,India,587.9844,t
