Year,Partner ID,Partner Name,Quantity,Unit
2023,0,World,26.511599999999998,t
2023,56,Belgium,10.3068,t
2023,528,Netherlands,16.2048,t
2024,0,World,72.5256,t
2024,251,France,26.6262,t
2024,276,Germany,0.0162,t
2024,528,Netherlands,45.883199999999995,t
