Year,Partner ID,Partner Name,Quantity,Unit
2023,0,World,44.958000000000006,t
2023,458,Malaysia,44.958000000000006,t
