Year,Partner ID,Partner Name,Quantity,Unit
2020,0,World,64.21199999999999,t
2020,554,New Zealand,52.211999999999996,t
2020,702,Singapore,12.0,t
2021,0,World,10.188,t
2021,528,Netherlands,10.188,t
2023,0,World,1.2299999999999998,t
2023,842,USA,1.2299999999999998,t
2024,0,World,14.399999999999999,t
2024,458,Malaysia,14.399999999999999,t
