Year,Partner ID,Partner Name,Quantity,Unit
2020,0,World,1.2905999999999997,t
2020,784,United Arab Emirates,0.41759999999999997,t
2020,842,USA,0.873,t
2023,0,World,0.0816,t
2023,826,United Kingdom,0.0816,t
2024,0,World,0.043199999999999995,t
2024,826,United Kingdom,0.0408,t
2024,842,USA,0.0024,t
