Year,Partner ID,Partner Name,Quantity,Unit
2022,0,World,0.006599999999999999,t
2022,56,Belgium,0.006599999999999999,t
