Year,Partner ID,Partner Name,Quantity,Unit
2022,0,World,0.005399999999999999,t
2022,752,Sweden,0.005399999999999999,t
2023,0,World,0.0204,t
2023,616,Poland,0.0186,t
2023,752,Sweden,0.0018,t
2024,0,World,0.10439999999999999,t
2024,826,United Kingdom,0.10439999999999999,t
