Year,Partner ID,Partner Name,Quantity,Unit
2021,0,World,14.4378,t
2021,804,Ukraine,14.399999999999999,t
2021,826,United Kingdom,0.0378,t
2022,0,World,0.011399999999999999,t
2022,757,Switzerland,0.011399999999999999,t
