Year,Partner ID,Partner Name,Quantity,Unit
2020,0,World,38.89019999999999,t
2020,376,Israel,11.6946,t
2020,826,United Kingdom,27.1956,t
2021,0,World,26.5416,t
2021,826,United Kingdom,26.5416,t
2022,0,World,60.553799999999995,t
2022,826,United Kingdom,60.553799999999995,t
2023,0,World,84.80279999999999,t
2023,376,Israel,14.9598,t
2023,826,United Kingdom,69.843,t
2024,0,World,54.2346,t
2024,826,United Kingdom,54.2346,t
