Year,Partner ID,Partner Name,Quantity,Unit
2021,0,World,0.0,
2021,156,China,0.0,
2022,0,World,11.050162799999999,t
2022,276,Germany,11.050162799999999,t
2023,0,World,0.0,
2023,276,Germany,0.0,
