Year,Partner ID,Partner Name,Quantity,Unit
2020,0,World,0.22400399999999993,t
2020,410,Rep. of Korea,0.22400399999999993,t
2021,0,World,0.504,t
2021,716,Zimbabwe,0.504,t
2022,0,World,49.609919999999995,t
2022,156,China,49.6068,t
2022,839,Special Categories,0.00312,t
2023,0,World,1.2498,t
2023,180,Dem. Rep. of the Congo,1.2498,t
