Year,Partner ID,Partner Name,Quantity,Unit
2020,0,World,0.0186,t
2020,504,Morocco,0.0186,t
2021,0,World,0.3363,t
2021,76,Brazil,0.3282,t
2021,484,Mexico,0.0081,t
2022,0,World,0.65265,t
2022,100,Bulgaria,0.65205,t
2022,842,USA,0.0006,t
2023,0,World,0.07875,t
2023,100,Bulgaria,0.07875,t
