Year,Partner ID,Partner Name,Quantity,Unit
2020,0,World,0.34720739999999994,t
2020,360,Indonesia,0.13275539999999994,t
2020,579,Norway,0.2144514,t
2021,0,World,36.011389799999996,t
2021,246,Finland,36.0,t
2021,826,United Kingdom,0.0113898,t
2022,0,World,1.4798867999999998,t
2022,642,Romania,1.4798867999999998,t
2023,0,World,0.0,
2023,392,Japan,0.0,
2023,826,United Kingdom,0.0,
2024,0,World,1.9999997999999999,t
2024,156,China,0.19999979999999998,t
2024,392,Japan,0.6,t
2024,579,Norway,1.2,t
