Year,Partner ID,Partner Name,Quantity,Unit
2021,0,World,45.9378,t
2021,156,China,45.9378,t
2022,0,World,106.4502,t
2022,156,China,106.44239999999999,t
2022,344,"China, Hong Kong SAR",0.006,t
2022,410,Rep. of Korea,0.0018,t
2023,0,World,215.052,t
2023,276,Germany,0.0024,t
2023,344,"China, Hong Kong SAR",0.0012,t
2023,418,Lao People's Dem. Rep.,215.04719999999998,t
2023,528,Netherlands,0.0012,t
2024,0,World,260.2668,t
2024,156,China,260.2668,t
