Year,Partner ID,Partner Name,Quantity,Unit
2023,0,World,1352.1642,t
2023,56,Belgium,26.691,t
2023,156,China,339.54299999999995,t
2023,579,Norway,894.7235999999999,t
2023,699,India,23.925,t
2023,757,Switzerland,67.2816,t
2024,0,World,326.53679999999997,t
2024,124,Canada,0.66,t
2024,156,China,134.92079999999999,t
2024,196,Cyprus,47.8776,t
2024,410,Rep. of Korea,0.0366,t
2024,579,Norway,143.0394,t
2024,604,Peru,0.0024,t
