Year,Partner ID,Partner Name,Quantity,Unit
2021,0,World,0.053399999999999996,t
2021,682,Saudi Arabia,0.053399999999999996,t
