Year,Partner ID,Partner Name,Quantity,Unit
2022,0,World,0.026865,t
2022,643,Russian Federation,0.026865,t
2024,0,World,0.0019203499999999004,t
2024,528,Netherlands,0.0019203499999999004,t
