Year,Partner ID,Partner Name,Quantity,Unit
2020,0,World,0.263675,t
2020,188,Costa Rica,0.11343,t
2020,222,El Salvador,0.0398,t
2020,558,Nicaragua,0.100495,t
2020,842,USA,0.00995,t
2021,0,World,0.516405,t
2021,188,Costa Rica,0.41989,t
2021,558,Nicaragua,0.096515,t
2022,0,World,0.106465,t
2022,188,Costa Rica,0.004975,t
2022,222,El Salvador,0.10149,t
2024,0,World,0.27263000000000004,t
2024,222,El Salvador,0.27263000000000004,t
