Year,Partner ID,Partner Name,Quantity,Unit
2024,0,World,1362.6923,t
2024,124,Canada,3.1243000000000003,t
2024,410,Rep. of Korea,1353.34925,t
2024,554,New Zealand,0.04975,t
2024,842,USA,6.1690000000000005,t
