Year,Partner ID,Partner Name,Quantity,Unit
2020,0,World,2.68467318,t
2020,792,Türkiye,2.68467318,t
2021,0,World,4.493659795,t
2021,792,Türkiye,4.493659795,t
2022,0,World,18.81943,t
2022,156,China,0.03184,t
2022,792,Türkiye,18.78759,t
2023,0,World,23.937458265,t
2023,792,Türkiye,23.937458265,t
2024,0,World,16.36775,t
2024,792,Türkiye,16.36775,t
