Year,Partner ID,Partner Name,Quantity,Unit
2020,0,World,17.376679999999997,t
2020,112,Belarus,1.29748,t
2020,643,Russian Federation,16.0792,t
2021,0,World,0.15989649999999989,t
2021,112,Belarus,0.15989649999999989,t
2022,0,World,2.0849230000000003,t
2022,112,Belarus,0.094525,t
2022,398,Kazakhstan,0.000398,t
2022,643,Russian Federation,1.99,t
