Year,Partner ID,Partner Name,Quantity,Unit
2020,0,World,0.223875,t
2020,276,Germany,0.024875,t
2020,380,Italy,0.0029850000000000002,t
2020,528,Netherlands,0.04975,t
2020,757,Switzerland,0.14626499999999998,t
2021,0,World,0.076615,t
2021,528,Netherlands,0.074625,t
2021,826,United Kingdom,0.00199,t
2022,0,World,0.0995,t
2022,276,Germany,0.074625,t
2022,528,Netherlands,0.024875,t
2023,0,World,0.024875,t
2023,528,Netherlands,0.024875,t
