Year,Partner ID,Partner Name,Quantity,Unit
2023,0,World,1.706425,t
2023,364,Iran,1.70151965,t
2023,682,Saudi Arabia,0.0049053499999999,t
