Year,Partner ID,Partner Name,Quantity,Unit
2022,0,World,0.24477,t
2022,643,Russian Federation,0.24477,t
2023,0,World,0.014924999999999999,t
2023,643,Russian Federation,0.014924999999999999,t
