Year,Partner ID,Partner Name,Quantity,Unit
2022,0,World,0.17909999999999998,t
2022,36,Australia,0.17909999999999998,t
