Year,Partner ID,Partner Name,Quantity,Unit
2020,0,World,0.07363,t
2020,276,Germany,0.07363,t
2022,0,World,10.508195,t
2022,246,Finland,10.4873,t
2022,826,United Kingdom,0.020895,t
2023,0,World,26.850075,t
2023,528,Netherlands,0.004975,t
2023,752,Sweden,26.8451,t
2024,0,World,0.05373,t
2024,764,Thailand,0.00199,t
2024,792,Türkiye,0.000995,t
2024,826,United Kingdom,0.050745,t
