Year,Partner ID,Partner Name,Quantity,Unit
2023,0,World,282.00486015,t
2023,56,Belgium,282.00091000000003,t
2023,380,Italy,0.0039501499999999995,t
