Year,Partner ID,Partner Name,Quantity,Unit
2020,0,World,0.14626499999999998,t
2020,784,United Arab Emirates,0.14626499999999998,t
2021,0,World,0.0199,t
2021,48,Bahrain,0.0199,t
2022,0,World,0.07363,t
2022,48,Bahrain,0.07363,t
2023,0,World,0.29383544,t
2023,48,Bahrain,0.2121708149999999,t
2023,458,Malaysia,0.08166462499999999,t
2024,0,World,0.215915,t
2024,512,Oman,0.029849999999999998,t
2024,784,United Arab Emirates,0.186065,t
