Year,Partner ID,Partner Name,Quantity,Unit
2021,0,World,0.060714899999999995,t
2021,170,Colombia,0.060714899999999995,t
