Year,Partner ID,Partner Name,Quantity,Unit
2020,0,World,1.015895,t
2020,203,Czechia,0.78207,t
2020,826,United Kingdom,0.23382499999999998,t
2021,0,World,0.98107,t
2021,826,United Kingdom,0.98107,t
2022,0,World,0.74625,t
2022,826,United Kingdom,0.74625,t
2023,0,World,1.147235,t
2023,826,United Kingdom,1.147235,t
2024,0,World,0.7163999999999999,t
2024,276,Germany,0.273625,t
2024,826,United Kingdom,0.44277500000000003,t
