Year,Partner ID,Partner Name,Quantity,Unit
2021,0,World,1.0945,t
2021,710,South Africa,1.0945,t
2022,0,World,0.13199869,t
2022,70,Bosnia Herzegovina,4.975e-05,t
2022,380,Italy,0.12935,t
2022,688,Serbia,0.00259894,t
2023,0,World,0.003624785,t
2023,70,Bosnia Herzegovina,0.003624785,t
2024,0,World,0.4470216599999999,t
2024,528,Netherlands,0.29452,t
2024,688,Serbia,0.0032516599999999002,t
2024,784,United Arab Emirates,0.14925,t
