Year,Partner ID,Partner Name,Quantity,Unit
2021,0,World,0.0174125,t
2021,156,China,0.011940000000000001,t
2021,699,India,0.0054725,t
2022,0,World,0.10945,t
2022,410,Rep. of Korea,0.10945,t
