Year,Partner ID,Partner Name,Quantity,Unit
2020,0,World,0.5373,t
2020,251,France,0.5373,t
2021,0,World,0.327355,t
2021,251,France,0.327355,t
2022,0,World,0.000995,t
2022,251,France,0.000995,t
