Year,Partner ID,Partner Name,Quantity,Unit
2020,0,World,0.025869999999999997,t
2020,842,USA,0.025869999999999997,t
