Year,Partner ID,Partner Name,Quantity,Unit
2020,0,World,0.0212134,t
2020,842,USA,0.0212134,t
2022,0,World,0.07398819999999999,t
2022,40,Austria,0.0532325,t
2022,842,USA,0.0207557,t
2023,0,World,0.06526205,t
2023,76,Brazil,0.06526205,t
2024,0,World,0.0466257,t
2024,76,Brazil,0.0177707,t
2024,842,USA,0.028855000000000002,t
