Year,Partner ID,Partner Name,Quantity,Unit
2021,0,World,0.0199,t
2021,620,Portugal,0.0199,t
2022,0,World,0.095719,t
2022,620,Portugal,0.095719,t
2023,0,World,0.00523768,t
2023,251,France,0.00026268,t
2023,784,United Arab Emirates,0.004975,t
2024,0,World,0.08416705,t
2024,251,France,0.0005870499999999005,t
2024,372,Ireland,0.048755,t
2024,620,Portugal,0.034825,t
