Year,Partner ID,Partner Name,Quantity,Unit
2021,0,World,0.995,t
2021,251,France,0.995,t
2023,0,World,17.14385,t
2023,251,France,2.2188499999999998,t
2023,842,USA,14.925,t
