Year,Partner ID,Partner Name,Quantity,Unit
2020,0,World,0.04975,t
2020,792,Türkiye,0.04975,t
2021,0,World,0.0796,t
2021,203,Czechia,0.0796,t
2022,0,World,0.029849999999999998,t
2022,792,Türkiye,0.029849999999999998,t
2023,0,World,0.1592,t
2023,792,Türkiye,0.1592,t
