Year,Partner ID,Partner Name,Quantity,Unit
2023,0,World,0.0062087999999999996,t
2023,842,USA,0.0062087999999999996,t
