Year,Partner ID,Partner Name,Quantity,Unit
2020,0,World,0.00796,t
2020,208,Denmark,0.000995,t
2020,372,Ireland,0.006965,t
2021,0,World,0.0425133649999999,t
2021,276,Germany,0.020310935000000002,t
2021,372,Ireland,0.02220243,t
2024,0,World,0.00199,t
2024,380,Italy,0.00199,t
