Year,Partner ID,Partner Name,Quantity,Unit
2020,0,World,0.07164,t
2020,826,United Kingdom,0.07164,t
2024,0,World,0.061205434999999996,t
2024,372,Ireland,0.061205434999999996,t
