Year,Partner ID,Partner Name,Quantity,Unit
2020,0,World,0.08482375,t
2020,251,France,0.02910375,t
2020,710,South Africa,0.05572,t
2021,0,World,0.0199,t
2021,251,France,0.006965,t
2021,710,South Africa,0.012934999999999999,t
2022,0,World,0.034029000000000004,t
2022,251,France,0.034029000000000004,t
2023,0,World,0.0466655,t
2023,251,France,0.0466655,t
