Year,Partner ID,Partner Name,Quantity,Unit
2020,0,World,0.86764,t
2020,276,Germany,0.777095,t
2020,372,Ireland,0.090545,t
2021,0,World,1.376085,t
2021,276,Germany,1.376085,t
2022,0,World,4.663565,t
2022,124,Canada,1.680555,t
2022,276,Germany,2.92729,t
2022,372,Ireland,0.05572,t
2024,0,World,0.026865,t
2024,372,Ireland,0.026865,t
