Year,Partner ID,Partner Name,Quantity,Unit
2020,0,World,1.194,t
2020,826,United Kingdom,1.194,t
2022,0,World,0.597,t
2022,826,United Kingdom,0.597,t
2023,0,World,1.1959899999999999,t
2023,826,United Kingdom,1.1959899999999999,t
2024,0,World,0.044774999999999995,t
2024,826,United Kingdom,0.044774999999999995,t
