Year,Partner ID,Partner Name,Quantity,Unit
2022,0,World,0.79639601,t
2022,156,China,0.04779383,t
2022,682,Saudi Arabia,0.30273869999999997,t
2022,784,United Arab Emirates,0.240317375,t
2022,826,United Kingdom,0.180462155,t
2022,842,USA,0.02508395,t
2023,0,World,18.68065536,t
2023,124,Canada,0.167131145,t
2023,156,China,0.0024924749999999996,t
2023,699,India,17.923672295000003,t
2023,784,United Arab Emirates,0.503884915,t
2023,842,USA,0.08347452999999999,t
