Year,Partner ID,Partner Name,Quantity,Unit
2020,0,World,4.6087405,t
2020,124,Canada,3.73125,t
2020,276,Germany,0.29024150000000004,t
2020,842,USA,0.587249,t
2022,0,World,3.260615,t
2022,124,Canada,1.24375,t
2022,842,USA,2.016865,t
2023,0,World,3.818592095,t
2023,124,Canada,1.1732462899999998,t
2023,842,USA,2.645345805,t
