Year,Partner ID,Partner Name,Quantity,Unit
2020,0,World,3.8207999999999998,t
2020,251,France,0.01592,t
2020,372,Ireland,3.80488,t
2021,0,World,3.26957,t
2021,372,Ireland,3.26957,t
2023,0,World,0.0995,t
2023,372,Ireland,0.0995,t
2024,0,World,0.199,t
2024,372,Ireland,0.199,t
