Year,Partner ID,Partner Name,Quantity,Unit
2024,0,World,0.15123999999999999,t
2024,528,Netherlands,0.15123999999999999,t
