Year,Partner ID,Partner Name,Quantity,Unit
2021,0,World,0.00199,t
2021,251,France,0.00199,t
2023,0,World,0.005085445,t
2023,276,Germany,0.005085445,t
2024,0,World,0.000777095,t
2024,276,Germany,0.000777095,t
