Year,Partner ID,Partner Name,Quantity,Unit
2020,0,World,0.33332500000000004,t
2020,826,United Kingdom,0.33332500000000004,t
2022,0,World,0.0,
2022,156,China,0.052735,t
2022,372,Ireland,0.004975,t
2022,826,United Kingdom,0.0,
2024,0,World,0.00995,t
2024,826,United Kingdom,0.00995,t
