Year,Partner ID,Partner Name,Quantity,Unit
2020,0,World,0.011343,t
2020,276,Germany,0.011343,t
2023,0,World,0.034327500000000004,t
2023,76,Brazil,0.034327500000000004,t
