Year,Partner ID,Partner Name,Quantity,Unit
2022,0,World,0.00398,t
2022,784,United Arab Emirates,0.00398,t
2024,0,World,0.35515529999999995,t
2024,710,South Africa,0.35515529999999995,t
