Year,Partner ID,Partner Name,Quantity,Unit
2020,0,World,0.0796,t
2020,251,France,0.0796,t
2023,0,World,0.006965,t
2023,842,USA,0.006965,t
2024,0,World,0.01393,t
2024,156,China,0.01393,t
