Year,Partner ID,Partner Name,Quantity,Unit
2020,0,World,21.635279999999998,t
2020,276,Germany,0.11144,t
2020,372,Ireland,0.275615,t
2020,643,Russian Federation,21.228325,t
2020,826,United Kingdom,0.0199,t
2021,0,World,10.763435385,t
2021,156,China,0.002510385,t
2021,276,Germany,0.10347999999999999,t
2021,372,Ireland,0.16716,t
2021,616,Poland,0.00995,t
2021,643,Russian Federation,10.458445,t
2021,826,United Kingdom,0.02189,t
