Year,Partner ID,Partner Name,Quantity,Unit
2020,0,World,0.34228,t
2020,784,United Arab Emirates,0.339295,t
2020,826,United Kingdom,0.0029850000000000002,t
2021,0,World,0.158205,t
2021,251,France,0.0995,t
2021,826,United Kingdom,0.05870499999999999,t
2022,0,World,0.00995,t
2022,710,South Africa,0.00995,t
