Year,Partner ID,Partner Name,Quantity,Unit
2020,0,World,0.0995,t
2020,156,China,0.0995,t
2022,0,World,0.0059700000000000005,t
2022,842,USA,0.0059700000000000005,t
