Year,Partner ID,Partner Name,Quantity,Unit
2021,0,World,0.30845,t
2021,842,USA,0.30845,t
2022,0,World,0.0995,t
2022,124,Canada,0.0995,t
2023,0,World,0.04975,t
2023,842,USA,0.04975,t
2024,0,World,0.337305,t
2024,251,France,0.0059700000000000005,t
2024,826,United Kingdom,0.0995,t
2024,842,USA,0.231835,t
