Year,Partner ID,Partner Name,Quantity,Unit
2020,0,World,0.0995,t
2020,251,France,0.006965,t
2020,372,Ireland,0.08358,t
2020,566,Nigeria,0.008955,t
2022,0,World,0.747245,t
2022,251,France,0.011940000000000001,t
2022,372,Ireland,0.735305,t
2024,0,World,0.00199,t
2024,699,India,0.00199,t
