Year,Partner ID,Partner Name,Quantity,Unit
2020,0,World,0.319443755,t
2020,276,Germany,0.313425,t
2020,792,Türkiye,0.006018755,t
2021,0,World,0.355215,t
2021,276,Germany,0.35223,t
2021,826,United Kingdom,0.0029850000000000002,t
2022,0,World,0.029849999999999998,t
2022,276,Germany,0.029849999999999998,t
2023,0,World,0.00796,t
2023,440,Lithuania,0.00199,t
2023,752,Sweden,0.0059700000000000005,t
2024,0,World,0.00995,t
2024,56,Belgium,0.00995,t
