Year,Partner ID,Partner Name,Quantity,Unit
2020,0,World,0.03582,t
2020,36,Australia,0.000995,t
2020,276,Germany,0.034825,t
2023,0,World,0.2452675,t
2023,36,Australia,0.0014925000000000001,t
2023,156,China,0.243775,t
