Year,Partner ID,Partner Name,Quantity,Unit
2020,0,World,0.024875,t
2020,784,United Arab Emirates,0.024875,t
2021,0,World,0.029849999999999998,t
2021,372,Ireland,0.029849999999999998,t
2022,0,World,0.00796,t
2022,784,United Arab Emirates,0.00796,t
