Year,Partner ID,Partner Name,Quantity,Unit
2020,0,World,0.1592,t
2020,56,Belgium,0.0995,t
2020,372,Ireland,0.059699999999999996,t
2022,0,World,0.5771,t
2022,56,Belgium,0.0995,t
2022,276,Germany,0.47759999999999997,t
2023,0,World,0.0199,t
2023,233,Estonia,0.004975,t
2023,276,Germany,0.014924999999999999,t
