Year,Partner ID,Partner Name,Quantity,Unit
2020,0,World,0.014924999999999999,t
2020,124,Canada,0.014924999999999999,t
2021,0,World,0.014924999999999999,t
2021,699,India,0.014924999999999999,t
2022,0,World,0.446781865,t
2022,699,India,0.446781865,t
