Year,Partner ID,Partner Name,Quantity,Unit
2021,0,World,0.00044774999999999996,t
2021,842,USA,0.00044774999999999996,t
2022,0,World,0.0771921,t
2022,842,USA,0.0771921,t
