Year,Partner ID,Partner Name,Quantity,Unit
2024,0,World,0.0029850000000000002,t
2024,124,Canada,0.0029850000000000002,t
