Year,Partner ID,Partner Name,Quantity,Unit
2020,0,World,0.03582,t
2020,76,Brazil,0.034825,t
2020,208,Denmark,0.000995,t
2022,0,World,0.00995,t
2022,76,Brazil,0.00995,t
2023,0,World,0.01557175,t
2023,76,Brazil,0.00995,t
2023,156,China,0.0007462500000000001,t
2023,842,USA,0.0048755,t
2024,0,World,0.051351949999999896,t
2024,76,Brazil,0.00060695,t
2024,156,China,0.000995,t
2024,710,South Africa,0.04975,t
