Year,Partner ID,Partner Name,Quantity,Unit
2020,0,World,0.048605749999999996,t
2020,76,Brazil,0.0024875,t
2020,156,China,0.0004577,t
2020,826,United Kingdom,0.0008855499999999999,t
2020,842,USA,0.044774999999999995,t
2021,0,World,0.0166961,t
2021,76,Brazil,0.01592,t
2021,372,Ireland,0.0007760999999999999,t
2022,0,World,0.031031065,t
2022,76,Brazil,0.031031065,t
2023,0,World,0.18252279999999999,t
2023,842,USA,0.18252279999999999,t
