Year,Partner ID,Partner Name,Quantity,Unit
2020,0,World,0.08657000000000001,t
2020,837,Bunkers,0.08657000000000001,t
