Year,Partner ID,Partner Name,Quantity,Unit
2020,0,World,172.777193,t
2020,156,China,171.203193,t
2020,704,Viet Nam,1.574,t
2021,0,World,164.505036,t
2021,156,China,164.440502,t
2021,251,France,0.024397000000000002,t
2021,604,Peru,0.040137,t
2022,0,World,80.517183,t
2022,156,China,80.517183,t
2023,0,World,0.25577500000000003,t
2023,156,China,0.25577500000000003,t
2024,0,World,0.036989,t
2024,156,China,0.036989,t
