Year,Partner ID,Partner Name,Quantity,Unit
2024,0,World,1730.5555490000002,t
2024,458,Malaysia,269.03044100000005,t
2024,702,Singapore,669.049162,t
2024,703,Slovakia,409.165235,t
2024,764,Thailand,383.310711,t
