Year,Partner ID,Partner Name,Quantity,Unit
2021,0,World,271.40074334,t
2021,156,China,271.37334,t
2021,842,USA,0.027403339999999998,t
2022,0,World,62122.26211,t
2022,156,China,55373.94960000001,t
2022,699,India,6748.31251,t
2023,0,World,66375.00549000001,t
2023,156,China,58276.563,t
2023,410,Rep. of Korea,2217.47481,t
2023,699,India,5866.8016800000005,t
2023,842,USA,14.166,t
2024,0,World,892.71771,t
2024,699,India,892.71771,t
