Year,Partner ID,Partner Name,Quantity,Unit
2020,0,World,0.006296,t
2020,643,Russian Federation,0.006296,t
2021,0,World,0.039728547,t
2021,642,Romania,0.004313547,t
2021,643,Russian Federation,0.035415,t
2022,0,World,0.00497384,t
2022,70,Bosnia Herzegovina,0.0023610000000000003,t
2022,642,Romania,0.00103884,t
2022,757,Switzerland,0.001574,t
2023,0,World,0.010960549,t
2023,642,Romania,0.010960549,t
