Year,Partner ID,Partner Name,Quantity,Unit
2020,0,World,33.056754500000004,t
2020,112,Belarus,0.0014166,t
2020,233,Estonia,10.231,t
2020,392,Japan,0.787,t
2020,398,Kazakhstan,0.0008657000000000001,t
2020,616,Poland,22.036,t
2020,860,Uzbekistan,0.0004722,t
2021,0,World,42.10607400000001,t
2021,112,Belarus,0.001574,t
2021,392,Japan,0.3935,t
2021,616,Poland,41.711,t
