Year,Partner ID,Partner Name,Quantity,Unit
2020,0,World,0.003935,t
2020,508,Mozambique,0.003935,t
2021,0,World,0.00158974,t
2021,508,Mozambique,0.00158974,t
2022,0,World,0.0,
2022,156,China,0.0,
2022,643,Russian Federation,0.40924000000000005,t
2022,842,USA,3.928704,t
2024,0,World,0.48391056,t
2024,24,Angola,0.01131706,t
2024,480,Mauritius,0.0003935,t
2024,508,Mozambique,0.1574,t
2024,716,Zimbabwe,0.3148,t
