Year,Partner ID,Partner Name,Quantity,Unit
2020,0,World,0.2074,t
2020,156,China,0.2074,t
2022,0,World,0.06126,t
2022,276,Germany,0.06126,t
2023,0,World,0.0,
2023,699,India,0.0,
2023,156,China,0.0,
2023,170,Colombia,0.0,
2023,380,Italy,0.0,
2024,0,World,0.03208876,t
2024,156,China,0.032048,t
2024,380,Italy,3.676e-05,t
2024,842,USA,4e-06,t
