Year,Partner ID,Partner Name,Quantity,Unit
2020,0,World,0.00032112000000000004,t
2020,842,USA,0.00032112000000000004,t
2023,0,World,0.00147516,t
2023,842,USA,0.00147516,t
