Year,Partner ID,Partner Name,Quantity,Unit
2021,0,World,0.001368,t
2021,251,France,0.001368,t
2022,0,World,8.218304476,t
2022,180,Dem. Rep. of the Congo,8.21644,t
2022,276,Germany,8.0524e-05,t
2022,380,Italy,0.001783952,t
2023,0,World,6.35126744,t
2023,156,China,0.00256,t
2023,180,Dem. Rep. of the Congo,6.348407440000001,t
2023,710,South Africa,0.0003,t
2024,0,World,0.003432,t
2024,156,China,0.003432,t
