Year,Partner ID,Partner Name,Quantity,Unit
2020,0,World,0.37664,t
2020,156,China,0.37263999999999997,t
2020,792,Türkiye,0.004,t
2021,0,World,1.045656,t
2021,156,China,1.045656,t
2022,0,World,0.81672,t
2022,156,China,0.81672,t
2023,0,World,0.352,t
2023,156,China,0.352,t
2024,0,World,3.5559960000000004,t
2024,156,China,2.92672,t
2024,380,Italy,0.629268,t
2024,842,USA,8e-06,t
