Year,Partner ID,Partner Name,Quantity,Unit
2021,0,World,0.036000000000000004,t
2021,156,China,0.036000000000000004,t
2022,0,World,0.032144,t
2022,643,Russian Federation,0.000144,t
2022,156,China,0.032,t
2024,0,World,0.032,t
2024,156,China,0.032,t
