Year,Partner ID,Partner Name,Quantity,Unit
2020,0,World,0.029628,t
2020,156,China,0.015648,t
2020,705,Slovenia,0.013980000000000001,t
2021,0,World,0.130024,t
2021,70,Bosnia Herzegovina,0.1036,t
2021,156,China,0.008008,t
2021,688,Serbia,0.001776,t
2021,705,Slovenia,0.008,t
2021,724,Spain,0.00864,t
2022,0,World,0.035836,t
2022,705,Slovenia,0.035836,t
2023,0,World,0.0040160000000000005,t
2023,705,Slovenia,0.0040160000000000005,t
2024,0,World,0.0,
2024,276,Germany,0.0,
2024,705,Slovenia,0.032032,t
