Year,Partner ID,Partner Name,Quantity,Unit
2020,0,World,0.004,t
2020,620,Portugal,0.004,t
2021,0,World,0.011628000000000001,t
2021,156,China,0.0002,t
2021,620,Portugal,0.011428,t
2022,0,World,0.013526,t
2022,699,India,1e-06,t
2022,156,China,1e-06,t
2022,620,Portugal,0.013519999999999999,t
2022,251,France,4e-06,t
2023,0,World,0.031512,t
2023,276,Germany,4e-06,t
2023,620,Portugal,0.024992,t
2023,699,India,0.004,t
2023,724,Spain,0.002516,t
