Year,Partner ID,Partner Name,Quantity,Unit
2022,0,World,0.9529727400000001,t
2022,156,China,0.939752544,t
2022,784,United Arab Emirates,0.013220196,t
2023,0,World,0.08019603600000001,t
2023,784,United Arab Emirates,0.08019603600000001,t
