Year,Partner ID,Partner Name,Quantity,Unit
2023,0,World,4e-06,t
2023,704,Viet Nam,4e-06,t
2024,0,World,0.004200000000000001,t
2024,156,China,0.004200000000000001,t
