Year,Partner ID,Partner Name,Quantity,Unit
2022,0,World,0.6553920000000001,t
2022,156,China,0.486808,t
2022,568,"Other Europe, nes",0.008584,t
2022,710,South Africa,0.16,t
2023,0,World,0.1458,t
2023,156,China,0.06576000000000001,t
2023,398,Kazakhstan,4e-05,t
2023,710,South Africa,0.08,t
2024,0,World,0.161548,t
2024,156,China,0.16106800000000002,t
2024,842,USA,0.00048,t
