Year,Partner ID,Partner Name,Quantity,Unit
2020,0,World,0.46995400000000004,t
2020,156,China,0.46995400000000004,t
2022,0,World,1.104016,t
2022,156,China,1.104016,t
2023,0,World,0.6484763360000001,t
2023,156,China,0.6484763360000001,t
