Year,Partner ID,Partner Name,Quantity,Unit
2020,0,World,221.69665822000002,t
2020,156,China,219.049112304,t
2020,276,Germany,0.48064,t
2020,710,South Africa,2.2399999999999997e-06,t
2020,804,Ukraine,2.1663200000000002,t
2020,842,USA,0.0005836799999999999,t
