Year,Partner ID,Partner Name,Quantity,Unit
2020,0,World,0.028,t
2020,76,Brazil,0.002,t
2020,156,China,0.026000000000000002,t
2021,0,World,0.014,t
2021,156,China,0.014,t
2022,0,World,0.006245856,t
2022,156,China,0.006245856,t
2023,0,World,0.006805864,t
2023,156,China,0.006805864,t
2024,0,World,0.031009536,t
2024,76,Brazil,0.022608648000000002,t
2024,156,China,0.008400883999999999,t
