Year,Partner ID,Partner Name,Quantity,Unit
2021,0,World,0.0008046,t
2021,276,Germany,4.46e-05,t
2021,380,Italy,0.00076,t
2022,0,World,8e-05,t
2022,380,Italy,8e-05,t
2023,0,World,0.000968,t
2023,380,Italy,0.000968,t
2024,0,World,0.00045200000000000004,t
2024,380,Italy,0.00045200000000000004,t
