Year,Partner ID,Partner Name,Quantity,Unit
2020,0,World,0.033178328,t
2020,156,China,0.023434504000000002,t
2020,699,India,0.001278548,t
2020,752,Sweden,0.00846528,t
2022,0,World,1.47324518,t
2022,699,India,0.0015117159999999998,t
2022,156,China,1.467670324,t
2022,826,United Kingdom,0.00406314,t
2023,0,World,0.020991452000000004,t
2023,156,China,0.020410528,t
2023,699,India,0.000580924,t
2024,0,World,0.062482032,t
2024,156,China,0.061614112,t
2024,842,USA,0.0008679199999999996,t
