Year,Partner ID,Partner Name,Quantity,Unit
2020,0,World,0.0007222,t
2020,76,Brazil,3.28e-06,t
2020,156,China,0.0007189200000000001,t
2023,0,World,0.0,
2023,842,USA,0.0,
