Year,Partner ID,Partner Name,Quantity,Unit
2020,0,World,125.29193600000002,t
2020,56,Belgium,125.29193600000002,t
2021,0,World,92.983072,t
2021,56,Belgium,88.05507200000001,t
2021,792,Türkiye,4.928,t
2022,0,World,55.792576000000004,t
2022,56,Belgium,49.62944,t
2022,276,Germany,3.923136,t
2022,792,Türkiye,2.24,t
2023,0,World,22.672832,t
2023,56,Belgium,16.848832,t
2023,792,Türkiye,5.824,t
2024,0,World,46.781728,t
2024,56,Belgium,46.781728,t
