Year,Partner ID,Partner Name,Quantity,Unit
2020,0,World,0.41440000000000005,t
2020,218,Ecuador,0.41440000000000005,t
2021,0,World,0.6776,t
2021,218,Ecuador,0.6776,t
2022,0,World,0.49280000000000007,t
2022,218,Ecuador,0.49280000000000007,t
2023,0,World,0.17584000000000002,t
2023,218,Ecuador,0.17584000000000002,t
