Year,Partner ID,Partner Name,Quantity,Unit
2020,0,World,0.0026880000000000003,t
2020,757,Switzerland,0.0026880000000000003,t
2021,0,World,23.52,t
2021,458,Malaysia,23.52,t
2022,0,World,579.448128,t
2022,56,Belgium,281.85024,t
2022,156,China,91.517888,t
2022,344,"China, Hong Kong SAR",206.08,t
2023,0,World,160.16,t
2023,156,China,76.16,t
2023,410,Rep. of Korea,84.0,t
2024,0,World,151.872,t
2024,344,"China, Hong Kong SAR",151.872,t
