Year,Partner ID,Partner Name,Quantity,Unit
2021,0,World,0.08624,t
2021,332,Haiti,0.08624,t
2022,0,World,0.0052640000000000004,t
2022,842,USA,0.0052640000000000004,t
2023,0,World,0.0034272,t
2023,842,USA,0.0034272,t
2024,0,World,0.012992,t
2024,842,USA,0.012992,t
