Year,Partner ID,Partner Name,Quantity,Unit
2023,0,World,14882.5617248,t
2023,156,China,14882.56,t
2023,410,Rep. of Korea,0.0008288000000000001,t
2023,842,USA,0.000896,t
2024,0,World,38908.8,t
2024,156,China,38908.8,t
