Year,Partner ID,Partner Name,Quantity,Unit
2020,0,World,0.0009183999999999775,t
2020,554,New Zealand,2.2400000000000002e-05,t
2020,598,Papua New Guinea,0.000896,t
2021,0,World,0.224,t
2021,554,New Zealand,0.224,t
2024,0,World,353.6064,t
2024,156,China,219.2064,t
2024,246,Finland,134.4,t
