Year,Partner ID,Partner Name,Quantity,Unit
2020,0,World,1.8726399999999999,t
2020,276,Germany,1.8726399999999999,t
2021,0,World,6.267744,t
2021,376,Israel,6.267744,t
2022,0,World,8.190336,t
2022,376,Israel,8.190336,t
2023,0,World,12.13408,t
2023,376,Israel,12.083680000000001,t
2023,826,United Kingdom,0.037856,t
2023,842,USA,0.012544000000000001,t
2024,0,World,5.543328,t
2024,376,Israel,5.2472,t
2024,826,United Kingdom,0.291424,t
2024,842,USA,0.004704000000000001,t
