Year,Partner ID,Partner Name,Quantity,Unit
2021,0,World,0.044800000000000006,t
2021,417,Kyrgyzstan,0.044800000000000006,t
2022,0,World,0.0392,t
2022,417,Kyrgyzstan,0.0392,t
2024,0,World,0.0784,t
2024,417,Kyrgyzstan,0.0672,t
2024,643,Russian Federation,0.011200000000000002,t
