Year,Partner ID,Partner Name,Quantity,Unit
2020,0,World,0.028224,t
2020,428,Latvia,0.011200000000000002,t
2020,643,Russian Federation,0.0168,t
2020,860,Uzbekistan,0.000224,t
2021,0,World,0.0013663999999999775,t
2021,233,Estonia,2.2400000000000002e-05,t
2021,826,United Kingdom,0.0013440000000000001,t
2022,0,World,0.000224,t
2022,842,USA,0.000224,t
