Year,Partner ID,Partner Name,Quantity,Unit
2021,0,World,0.5936,t
2021,36,Australia,0.5936,t
2022,0,World,0.3472,t
2022,36,Australia,0.3472,t
2023,0,World,0.08960000000000001,t
2023,36,Australia,0.08960000000000001,t
