Year,Partner ID,Partner Name,Quantity,Unit
2022,0,World,0.12544000000000002,t
2022,208,Denmark,0.12544000000000002,t
2023,0,World,0.054432,t
2023,208,Denmark,0.04704,t
2023,842,USA,0.007392,t
2024,0,World,3.609312,t
2024,56,Belgium,3.584,t
2024,124,Canada,0.013216,t
2024,276,Germany,0.012096,t
