Year,Partner ID,Partner Name,Quantity,Unit
2024,0,World,0.022400000000000003,t
2024,380,Italy,0.022400000000000003,t
