Year,Partner ID,Partner Name,Quantity,Unit
2020,0,World,16.789248,t
2020,699,India,16.789248,t
2021,0,World,0.0017046399999999999,t
2021,392,Japan,0.0017046399999999999,t
2022,0,World,0.01023232,t
2022,392,Japan,0.01023232,t
2023,0,World,2.78777632,t
2023,56,Belgium,2.7805344,t
2023,392,Japan,0.0033264,t
2023,410,Rep. of Korea,0.00391552,t
2024,0,World,2.1998256,t
2024,56,Belgium,0.00787584,t
2024,410,Rep. of Korea,0.00212576,t
2024,699,India,2.189824,t
