Year,Partner ID,Partner Name,Quantity,Unit
2024,0,World,0.039647999999999996,t
2024,724,Spain,0.039647999999999996,t
