Year,Partner ID,Partner Name,Quantity,Unit
2020,0,World,5.9808,t
2020,40,Austria,5.96288,t
2020,348,Hungary,0.017920000000000002,t
2021,0,World,10.78336,t
2021,40,Austria,10.78336,t
2022,0,World,10.310272,t
2022,40,Austria,10.310272,t
2023,0,World,7.15904,t
2023,40,Austria,7.02464,t
2023,348,Hungary,0.1344,t
2024,0,World,14.2912,t
2024,40,Austria,9.3184,t
2024,276,Germany,0.044800000000000006,t
2024,804,Ukraine,4.928,t
