Year,Partner ID,Partner Name,Quantity,Unit
2020,0,World,0.952612416,t
2020,410,Rep. of Korea,0.952612416,t
2021,0,World,0.079042656,t
2021,410,Rep. of Korea,0.079042656,t
2022,0,World,1.236414144,t
2022,116,Cambodia,0.714946176,t
2022,410,Rep. of Korea,0.5214679680000001,t
2023,0,World,1.041824896,t
2023,410,Rep. of Korea,1.041824896,t
