Year,Partner ID,Partner Name,Quantity,Unit
2020,0,World,2.07648,t
2020,586,Pakistan,2.07648,t
2021,0,World,0.000896,t
2021,682,Saudi Arabia,0.000896,t
2023,0,World,0.011200000000000002,t
2023,682,Saudi Arabia,0.011200000000000002,t
