Year,Partner ID,Partner Name,Quantity,Unit
2022,0,World,0.0061600000000000005,t
2022,180,Dem. Rep. of the Congo,0.0061600000000000005,t
