Year,Partner ID,Partner Name,Quantity,Unit
2020,0,World,0.503776,t
2020,710,South Africa,0.503776,t
2022,0,World,1.04944,t
2022,710,South Africa,1.0492160000000001,t
2022,894,Zambia,0.000224,t
2023,0,World,0.224,t
2023,710,South Africa,0.224,t
