Year,Partner ID,Partner Name,Quantity,Unit
2020,0,World,0.24640000000000004,t
2020,699,India,0.000448,t
2020,842,USA,0.24595200000000003,t
2022,0,World,0.12433008000000001,t
2022,56,Belgium,0.060793599999999996,t
2022,699,India,0.000408128,t
2022,842,USA,0.063128352,t
2023,0,World,3.8486215040000005,t
2023,842,USA,3.8486215040000005,t
2024,0,World,1.1773126399999998,t
2024,484,Mexico,0.047573119999999976,t
2024,842,USA,1.12973952,t
