Year,Partner ID,Partner Name,Quantity,Unit
2020,0,World,0.005824,t
2020,276,Germany,0.000224,t
2020,757,Switzerland,0.005600000000000001,t
2024,0,World,0.000224,t
2024,826,United Kingdom,0.000224,t
