Year,Partner ID,Partner Name,Quantity,Unit
2020,0,World,1.1872,t
2020,616,Poland,1.12,t
2020,792,Türkiye,0.0672,t
2021,0,World,0.011200000000000002,t
2021,792,Türkiye,0.011200000000000002,t
