Year,Partner ID,Partner Name,Quantity,Unit
2020,0,World,0.0022400000000000002,t
2020,156,China,0.0022400000000000002,t
2021,0,World,0.000224,t
2021,842,USA,0.000224,t
2022,0,World,0.5376,t
2022,156,China,0.5376,t
