Year,Partner ID,Partner Name,Quantity,Unit
2020,0,World,1.12,t
2020,251,France,1.12,t
2021,0,World,0.8965152,t
2021,56,Belgium,0.0005152000000000001,t
2021,251,France,0.896,t
2022,0,World,0.448224,t
2022,251,France,0.448,t
2022,276,Germany,0.000224,t
2023,0,World,0.8962240000000001,t
2023,251,France,0.896,t
2023,842,USA,0.000224,t
2024,0,World,1.310624,t
2024,56,Belgium,1.309952,t
2024,826,United Kingdom,0.0006720000000000001,t
