Year,Partner ID,Partner Name,Quantity,Unit
2021,0,World,0.0026880000000000003,t
2021,56,Belgium,0.0026880000000000003,t
2022,0,World,0.039647999999999996,t
2022,56,Belgium,0.008960000000000001,t
2022,246,Finland,0.030688000000000003,t
