Year,Partner ID,Partner Name,Quantity,Unit
2020,0,World,177.03624198400001,t
2020,56,Belgium,93.74965712000001,t
2020,276,Germany,82.01302524799999,t
2020,842,USA,1.273559616,t
2022,0,World,0.46144,t
2022,842,USA,0.46144,t
2023,0,World,43.432480000000005,t
2023,276,Germany,39.83504,t
2023,842,USA,3.5974399999999997,t
2024,0,World,0.16195199999999998,t
2024,842,USA,0.16195199999999998,t
