Year,Partner ID,Partner Name,Quantity,Unit
2020,0,World,0.052668224,t
2020,40,Austria,0.044800000000000006,t
2020,276,Germany,0.005600000000000001,t
2020,842,USA,0.002268224,t
2022,0,World,0.0044800000000000005,t
2022,56,Belgium,0.0044800000000000005,t
2023,0,World,0.0044800000000000005,t
2023,56,Belgium,0.0044800000000000005,t
2024,0,World,0.0044800000000000005,t
2024,56,Belgium,0.0044800000000000005,t
