Year,Partner ID,Partner Name,Quantity,Unit
2022,0,World,0.000224,t
2022,688,Serbia,0.000224,t
2023,0,World,6.72e-05,t
2023,156,China,2.2400000000000002e-05,t
2023,276,Germany,2.2400000000000002e-05,t
2023,688,Serbia,2.2400000000000002e-05,t
