Year,Partner ID,Partner Name,Quantity,Unit
2020,0,World,2.469824,t
2020,56,Belgium,1.4282240000000002,t
2020,710,South Africa,1.0416,t
2022,0,World,0.000224,t
2022,710,South Africa,0.000224,t
