Year,Partner ID,Partner Name,Quantity,Unit
2022,0,World,0.013806016,t
2022,634,Qatar,0.013806016,t
2023,0,World,0.0004114879999999776,t
2023,826,United Kingdom,0.0004114879999999776,t
