Year,Partner ID,Partner Name,Quantity,Unit
2020,0,World,0.116928,t
2020,643,Russian Federation,0.011200000000000002,t
2020,792,Türkiye,0.105728,t
2021,0,World,0.112,t
2021,40,Austria,0.112,t
2022,0,World,0.011200000000000002,t
2022,156,China,0.005600000000000001,t
2022,792,Türkiye,0.005600000000000001,t
2023,0,World,0.044800000000000006,t
2023,40,Austria,0.044800000000000006,t
2024,0,World,0.08960000000000001,t
2024,156,China,0.044800000000000006,t
2024,699,India,0.044800000000000006,t
