Year,Partner ID,Partner Name,Quantity,Unit
2020,0,World,0.112,t
2020,76,Brazil,0.044800000000000006,t
2020,251,France,0.0672,t
2021,0,World,1.16032,t
2021,76,Brazil,1.0136,t
2021,156,China,0.07952,t
2021,604,Peru,0.0672,t
2022,0,World,3.0498126400000003,t
2022,76,Brazil,2.611624288,t
2022,156,China,0.266135744,t
2022,604,Peru,0.172052608,t
2023,0,World,0.126491008,t
2023,76,Brazil,0.126491008,t
2024,0,World,0.132554016,t
2024,842,USA,0.132554016,t
