Year,Partner ID,Partner Name,Quantity,Unit
2020,0,World,0.011424,t
2020,276,Germany,0.000224,t
2020,710,South Africa,0.011200000000000002,t
2023,0,World,0.022848,t
2023,344,"China, Hong Kong SAR",0.022400000000000003,t
2023,710,South Africa,0.000448,t
