Year,Partner ID,Partner Name,Quantity,Unit
2020,0,World,0.021056000000000002,t
2020,826,United Kingdom,0.021056000000000002,t
2023,0,World,0.211232,t
2023,56,Belgium,0.211232,t
2024,0,World,0.011648,t
2024,842,USA,0.011648,t
