Year,Partner ID,Partner Name,Quantity,Unit
2020,0,World,0.8961097600000001,t
2020,56,Belgium,0.448,t
2020,76,Brazil,0.448,t
2020,842,USA,0.00010975999999999999,t
2022,0,World,0.000433664,t
2022,276,Germany,0.00025760000000000003,t
2022,842,USA,0.000176064,t
2023,0,World,1.120224672,t
2023,56,Belgium,5.6e-05,t
2023,76,Brazil,0.672,t
2023,156,China,0.448,t
2023,757,Switzerland,8.3328e-05,t
2023,842,USA,8.5344e-05,t
