Year,Partner ID,Partner Name,Quantity,Unit
2024,0,World,0.0005636100000000001,t
2024,566,Nigeria,0.0005636100000000001,t
