Year,Partner ID,Partner Name,Quantity,Unit
2020,0,World,0.0012117615,t
2020,320,Guatemala,7.5148e-05,t
2020,842,USA,0.0011366135,t
2023,0,World,2.63018e-05,t
2023,699,India,2.63018e-05,t
2024,0,World,0.016872604700000002,t
2024,826,United Kingdom,0.016872604700000002,t
