Year,Partner ID,Partner Name,Quantity,Unit
2023,0,World,0.0011779448999999812,t
2023,702,Singapore,0.0011779448999999812,t
