Year,Partner ID,Partner Name,Quantity,Unit
2020,0,World,0.0055534372000000005,t
2020,842,USA,0.0055534372000000005,t
