Year,Partner ID,Partner Name,Quantity,Unit
2020,0,World,0.018787,t
2020,56,Belgium,0.018787,t
2022,0,World,0.00244231,t
2022,899,"Areas, nes",0.00244231,t
2024,0,World,0.00244231,t
2024,36,Australia,0.00244231,t
