Year,Partner ID,Partner Name,Quantity,Unit
2020,0,World,2.010209,t
2020,156,China,2.010209,t
2021,0,World,1.7152531000000002,t
2021,156,China,1.7152531000000002,t
2021,0,World,1.7152531000000002,t
2021,156,China,1.7152531000000002,t
2022,0,World,4.7249305,t
2022,156,China,4.7249305,t
