Year,Partner ID,Partner Name,Quantity,Unit
2021,0,World,0.06500302,t
2021,152,Chile,0.037574,t
2021,842,USA,0.02742902,t
2021,0,World,0.06500302,t
2021,152,Chile,0.037574,t
2021,842,USA,0.02742902,t
2023,0,World,0.00059611151,t
2023,826,United Kingdom,0.00059611151,t
