Year,Partner ID,Partner Name,Quantity,Unit
2022,0,World,0.00028180500000000004,t
2022,56,Belgium,9.3935e-05,t
2022,568,"Other Europe, nes",0.00018787,t
2023,0,World,0.00882989,t
2023,826,United Kingdom,0.00882989,t
2024,0,World,0.005786396,t
2024,276,Germany,0.000901776,t
2024,410,Rep. of Korea,0.00018787,t
2024,826,United Kingdom,0.00469675,t
