Year,Partner ID,Partner Name,Quantity,Unit
2022,0,World,4.696750000000001,t
2022,504,Morocco,4.696750000000001,t
