Year,Partner ID,Partner Name,Quantity,Unit
2020,0,World,0.00037574,t
2020,56,Belgium,0.00037574,t
2021,0,World,0.00526036,t
2021,156,China,0.00469675,t
2021,699,India,0.0005636100000000001,t
2021,0,World,0.00526036,t
2021,156,China,0.00469675,t
2021,699,India,0.0005636100000000001,t
2022,0,World,0.00488462,t
2022,699,India,0.00488462,t
