Year,Partner ID,Partner Name,Quantity,Unit
2020,0,World,0.0005016129,t
2020,124,Canada,0.00018787,t
2020,699,India,0.0003137428999999812,t
2021,0,World,1.8787e-05,t
2021,826,United Kingdom,1.8787e-05,t
2021,0,World,1.8787e-05,t
2021,826,United Kingdom,1.8787e-05,t
2022,0,World,9.3935e-06,t
2022,699,India,9.3935e-06,t
2023,0,World,0.00189861422,t
2023,699,India,0.00115765494,t
2023,826,United Kingdom,0.00074095928,t
