Year,Partner ID,Partner Name,Quantity,Unit
2020,0,World,0.0022544400000000003,t
2020,348,Hungary,0.0022544400000000003,t
2021,0,World,0.00842822394,t
2021,32,Argentina,0.00091342394,t
2021,348,Hungary,0.0075148,t
2022,0,World,0.00281805,t
2022,348,Hungary,0.00281805,t
2023,0,World,0.00169083,t
2023,348,Hungary,0.00169083,t
