Year,Partner ID,Partner Name,Quantity,Unit
2021,0,World,0.00025550320000000004,t
2021,124,Canada,0.00025550320000000004,t
2022,0,World,3.7574e-05,t
2022,124,Canada,3.7574e-05,t
2023,0,World,0.0020120877000000003,t
2023,124,Canada,0.00093935,t
2023,586,Pakistan,0.0010727377,t
