Year,Partner ID,Partner Name,Quantity,Unit
2021,0,World,0.00638758,t
2021,699,India,0.0011272200000000002,t
2021,710,South Africa,0.00526036,t
2021,0,World,0.00638758,t
2021,699,India,0.0011272200000000002,t
2021,710,South Africa,0.00526036,t
2022,0,World,0.0037574,t
2022,710,South Africa,0.0037574,t
