Year,Partner ID,Partner Name,Quantity,Unit
2021,0,World,0.011901000890000001,t
2021,643,Russian Federation,0.0024466310100000003,t
2021,860,Uzbekistan,0.00945455775,t
2021,0,World,0.011901000890000001,t
2021,643,Russian Federation,0.0024466310100000003,t
2021,860,Uzbekistan,0.00945455775,t
2022,0,World,0.18411260000000002,t
2022,156,China,0.18411260000000002,t
