Year,Partner ID,Partner Name,Quantity,Unit
2021,0,World,0.00018787,t
2021,842,USA,0.00018787,t
2021,0,World,0.00018787,t
2021,842,USA,0.00018787,t
2024,0,World,0.0011272200000000002,t
2024,251,France,0.0011272200000000002,t
