Year,Partner ID,Partner Name,Quantity,Unit
2020,0,World,0.00018787,t
2020,410,Rep. of Korea,0.00018787,t
2023,0,World,1.2963030000000003e-05,t
2023,699,India,1.2963030000000003e-05,t
