Year,Partner ID,Partner Name,Quantity,Unit
2020,0,World,0.020245,t
2020,705,Slovenia,0.020245,t
2021,0,World,0.0554925,t
2021,70,Bosnia Herzegovina,2.5e-06,t
2021,705,Slovenia,0.05549,t
2022,0,World,4.0444485,t
2022,380,Italy,4.0,t
2022,705,Slovenia,0.0444485,t
2023,0,World,0.038186,t
2023,348,Hungary,0.000125,t
2023,705,Slovenia,0.038061,t
2024,0,World,0.0317495,t
2024,705,Slovenia,0.0317495,t
