Year,Partner ID,Partner Name,Quantity,Unit
2020,0,World,0.524,t
2020,688,Serbia,0.0015,t
2020,792,Türkiye,0.5225,t
2021,0,World,0.00199,t
2021,380,Italy,0.00199,t
2022,0,World,0.0001,t
2022,380,Italy,0.0001,t
2023,0,World,5e-05,t
2023,380,Italy,5e-05,t
