Year,Partner ID,Partner Name,Quantity,Unit
2023,0,World,0.00421699999999995,t
2023,100,Bulgaria,0.00421699999999995,t
