Year,Partner ID,Partner Name,Quantity,Unit
2023,0,World,11.645522000000001,t
2023,364,Iran,11.645522000000001,t
