Year,Partner ID,Partner Name,Quantity,Unit
2020,0,World,93.043708,t
2020,112,Belarus,1.706,t
2020,156,China,0.32023250000000003,t
2020,380,Italy,76.624,t
2020,398,Kazakhstan,0.0015,t
2020,410,Rep. of Korea,0.2,t
2020,498,Rep. of Moldova,0.01,t
2020,528,Netherlands,11.0,t
2020,804,Ukraine,3.1819755,t
2021,0,World,152.6278,t
2021,112,Belarus,3.3131500000000003,t
2021,156,China,2.803,t
2021,380,Italy,133.2935,t
2021,528,Netherlands,10.5,t
2021,616,Poland,2.5726,t
2021,804,Ukraine,0.14555,t
