Year,Partner ID,Partner Name,Quantity,Unit
2020,0,World,0.046003,t
2020,392,Japan,0.0455,t
2020,842,USA,0.000503,t
2021,0,World,1.224,t
2021,392,Japan,1.224,t
2022,0,World,0.062,t
2022,344,"China, Hong Kong SAR",0.0075,t
2022,392,Japan,0.0545,t
2023,0,World,220.4085,t
2023,156,China,220.4075,t
2023,392,Japan,0.001,t
2024,0,World,468.208,t
2024,156,China,461.2075,t
2024,458,Malaysia,0.0005,t
2024,710,South Africa,3.5,t
2024,842,USA,3.5,t
