Year,Partner ID,Partner Name,Quantity,Unit
2020,0,World,234.53432500000005,t
2020,364,Iran,0.258,t
2020,682,Saudi Arabia,1.206325,t
2020,699,India,233.07,t
2021,0,World,0.9095,t
2021,364,Iran,0.0085,t
2021,586,Pakistan,0.901,t
2022,0,World,13.295,t
2022,203,Czechia,11.8,t
2022,586,Pakistan,0.9925,t
2022,682,Saudi Arabia,0.5025,t
2023,0,World,24.971,t
2023,276,Germany,24.44,t
2023,682,Saudi Arabia,0.531,t
