Year,Partner ID,Partner Name,Quantity,Unit
2020,0,World,2.456121,t
2020,528,Netherlands,2.456121,t
2021,0,World,1.783009,t
2021,702,Singapore,1.783009,t
2022,0,World,15.617506,t
2022,392,Japan,3.8741805,t
2022,528,Netherlands,11.7433255,t
2023,0,World,6.9634955,t
2023,392,Japan,6.9634955,t
