Year,Partner ID,Partner Name,Quantity,Unit
2022,0,World,0.07529999999999999,t
2022,156,China,0.07529999999999999,t
2023,0,World,0.075,t
2023,156,China,0.075,t
