Year,Partner ID,Partner Name,Quantity,Unit
2022,0,World,2.0597999999999996,t
2022,152,Chile,2.0597999999999996,t
