Year,Partner ID,Partner Name,Quantity,Unit
2020,0,World,0.005699999999999999,t
2020,124,Canada,0.005699999999999999,t
2021,0,World,0.1293057,t
2021,36,Australia,0.11385569999999999,t
2021,643,Russian Federation,0.0147,t
2021,792,Türkiye,0.00075,t
2022,0,World,0.0026999999999999997,t
2022,124,Canada,0.0024,t
2022,504,Morocco,0.0003,t
