Year,Partner ID,Partner Name,Quantity,Unit
2020,0,World,0.45032399999999995,t
2020,156,China,0.0063,t
2020,458,Malaysia,0.417024,t
2020,554,New Zealand,0.027,t
2021,0,World,1.2134174999999998,t
2021,458,Malaysia,1.2134174999999998,t
2022,0,World,1.2318795,t
2022,458,Malaysia,1.2318795,t
2023,0,World,0.6106755,t
2023,458,Malaysia,0.6103755,t
2023,554,New Zealand,0.0003,t
2024,0,World,0.15,t
2024,458,Malaysia,0.15,t
