Year,Partner ID,Partner Name,Quantity,Unit
2020,0,World,25.968300000000003,t
2020,826,United Kingdom,25.968300000000003,t
2021,0,World,0.9803999999999999,t
2021,826,United Kingdom,0.9803999999999999,t
2023,0,World,0.5637,t
2023,826,United Kingdom,0.5637,t
2024,0,World,0.4602,t
2024,826,United Kingdom,0.4602,t
