Year,Partner ID,Partner Name,Quantity,Unit
2023,0,World,3.75e-05,t
2023,699,India,3.75e-05,t
2024,0,World,0.00010499999999999999,t
2024,699,India,0.00010499999999999999,t
