Year,Partner ID,Partner Name,Quantity,Unit
2022,0,World,0.15,t
2022,156,China,0.15,t
2023,0,World,215.68557,t
2023,156,China,72.9636,t
2023,410,Rep. of Korea,85.9806,t
2023,699,India,2.53737,t
2023,704,Viet Nam,54.204,t
2024,0,World,2.5925999999999996,t
2024,156,China,2.5925999999999996,t
