Year,Partner ID,Partner Name,Quantity,Unit
2020,0,World,1.0657428,t
2020,50,Bangladesh,0.7591935,t
2020,764,Thailand,0.30654929999999997,t
2021,0,World,0.18687344999999997,t
2021,50,Bangladesh,0.18687344999999997,t
2022,0,World,0.0008188499999999849,t
2022,50,Bangladesh,0.0008188499999999849,t
2023,0,World,215.13543465,t
2023,50,Bangladesh,0.78543465,t
2023,246,Finland,214.35,t
2024,0,World,0.0,
2024,50,Bangladesh,0.0,
2024,156,China,0.0,
