Year,Partner ID,Partner Name,Quantity,Unit
2020,0,World,0.08819999999999999,t
2020,724,Spain,0.08819999999999999,t
2021,0,World,0.16049099999999997,t
2021,643,Russian Federation,0.006,t
2021,724,Spain,0.15449100000000002,t
2022,0,World,0.116319,t
2022,643,Russian Federation,0.010275000000000001,t
2022,724,Spain,0.106044,t
2023,0,World,0.04551899999999998,t
2023,724,Spain,0.04551899999999998,t
