Year,Partner ID,Partner Name,Quantity,Unit
2021,0,World,0.04805399999999999,t
2021,792,Türkiye,0.04805399999999999,t
2022,0,World,3.8294384999999997,t
2022,156,China,0.41804699999999995,t
2022,276,Germany,0.0023235,t
2022,458,Malaysia,2.292525,t
2022,616,Poland,0.077466,t
2022,702,Singapore,0.9566534999999998,t
2022,724,Spain,0.0824235,t
2023,0,World,0.9331635,t
2023,458,Malaysia,0.9331635,t
2024,0,World,0.00031049999999999996,t
2024,528,Netherlands,0.00031049999999999996,t
