Year,Partner ID,Partner Name,Quantity,Unit
2021,0,World,4.4249999999984996e-05,t
2021,372,Ireland,4.4249999999984996e-05,t
