Year,Partner ID,Partner Name,Quantity,Unit
2021,0,World,0.20541,t
2021,251,France,0.19655999999999998,t
2021,528,Netherlands,0.008849999999999998,t
2023,0,World,0.006449999999999999,t
2023,528,Netherlands,0.006449999999999999,t
