Year,Partner ID,Partner Name,Quantity,Unit
2020,0,World,1.59195,t
2020,156,China,1.584,t
2020,203,Czechia,0.007949999999999999,t
2022,0,World,0.0375,t
2022,203,Czechia,0.0375,t
2023,0,World,0.0375,t
2023,203,Czechia,0.0375,t
