Year,Partner ID,Partner Name,Quantity,Unit
2020,0,World,0.00615,t
2020,170,Colombia,0.006,t
2020,292,Gibraltar,0.00015,t
2022,0,World,0.06375,t
2022,422,Lebanon,0.06375,t
2023,0,World,0.07529999999999999,t
2023,400,Jordan,0.075,t
2023,826,United Kingdom,0.0003,t
2024,0,World,0.053295,t
2024,152,Chile,0.003645,t
2024,620,Portugal,0.04875,t
2024,792,Türkiye,0.0009,t
