Year,Partner ID,Partner Name,Quantity,Unit
2023,0,World,0.00225,t
2023,156,China,0.00225,t
2024,0,World,42.56699999999999,t
2024,156,China,42.56699999999999,t
