Year,Partner ID,Partner Name,Quantity,Unit
2020,0,World,3.00015,t
2020,124,Canada,3.0,t
2020,344,"China, Hong Kong SAR",0.00015,t
2021,0,World,49.77615,t
2021,156,China,49.7694,t
2021,344,"China, Hong Kong SAR",0.00675,t
2022,0,World,6.48,t
2022,156,China,6.48,t
2023,0,World,163.70313,t
2023,156,China,75.17609999999999,t
2023,410,Rep. of Korea,85.9806,t
2023,699,India,2.5464300000000004,t
