Year,Partner ID,Partner Name,Quantity,Unit
2021,0,World,0.02980499999999995,t
2021,276,Germany,0.00011,t
2021,699,India,0.004695,t
2021,842,USA,0.025,t
2022,0,World,0.25,t
2022,699,India,0.25,t
2023,0,World,0.03425,t
2023,699,India,0.00025,t
2023,842,USA,0.034,t
