Year,Partner ID,Partner Name,Quantity,Unit
2020,0,World,0.2185,t
2020,276,Germany,0.0185,t
2020,380,Italy,0.01,t
2020,643,Russian Federation,0.01,t
2020,842,USA,0.18,t
2022,0,World,0.4515,t
2022,156,China,0.0005,t
2022,380,Italy,0.03,t
2022,842,USA,0.421,t
2023,0,World,0.32139,t
2023,156,China,0.02039,t
2023,276,Germany,0.0215,t
2023,380,Italy,0.0575,t
2023,842,USA,0.222,t
2024,0,World,0.025,t
2024,380,Italy,0.025,t
