Year,Partner ID,Partner Name,Quantity,Unit
2020,0,World,0.2535,t
2020,76,Brazil,0.2535,t
2022,0,World,0.68945,t
2022,76,Brazil,0.5969,t
2022,156,China,0.05005,t
2022,842,USA,0.0425,t
2023,0,World,1.0799,t
2023,76,Brazil,1.0799,t
2024,0,World,1.5008,t
2024,76,Brazil,1.3583,t
2024,156,China,0.095,t
2024,276,Germany,0.03,t
2024,842,USA,0.0175,t
