Year,Partner ID,Partner Name,Quantity,Unit
2020,0,World,2.2831300000000003,t
2020,392,Japan,2.128425,t
2020,410,Rep. of Korea,0.154705,t
2022,0,World,6.136495,t
2022,251,France,0.0025,t
2022,392,Japan,6.133495,t
2022,842,USA,0.0005,t
2023,0,World,6.86263,t
2023,392,Japan,6.4583,t
2023,702,Singapore,0.002125,t
2023,764,Thailand,0.03,t
2023,842,USA,0.372205,t
2024,0,World,3.03975,t
2024,392,Japan,3.0295,t
2024,702,Singapore,0.003,t
2024,757,Switzerland,0.00725,t
