Year,Partner ID,Partner Name,Quantity,Unit
2020,0,World,4.312975000000001,t
2020,56,Belgium,0.258,t
2020,276,Germany,0.2,t
2020,380,Italy,0.01215,t
2020,818,Egypt,3.7515,t
2020,842,USA,0.091325,t
2022,0,World,6.84395,t
2022,56,Belgium,0.05,t
2022,276,Germany,2.9,t
2022,826,United Kingdom,0.9925,t
2022,842,USA,2.9014499999999996,t
2023,0,World,0.949625,t
2023,276,Germany,0.0005,t
2023,410,Rep. of Korea,0.16219999999999996,t
2023,699,India,0.012925,t
2023,842,USA,0.774,t
