Year,Partner ID,Partner Name,Quantity,Unit
2020,0,World,0.01934499999999995,t
2020,276,Germany,0.01934499999999995,t
2022,0,World,0.052815,t
2022,276,Germany,0.052815,t
2023,0,World,0.1127945,t
2023,156,China,0.10542,t
2023,276,Germany,0.0073745,t
