Year,Partner ID,Partner Name,Quantity,Unit
2020,0,World,0.38,t
2020,156,China,0.03,t
2020,203,Czechia,0.05,t
2020,276,Germany,0.3,t
2022,0,World,0.801,t
2022,203,Czechia,0.05,t
2022,380,Italy,0.75,t
2022,392,Japan,0.001,t
2023,0,World,0.735,t
2023,156,China,0.2,t
2023,276,Germany,0.035,t
2023,380,Italy,0.5,t
2024,0,World,0.502617,t
2024,276,Germany,0.002617,t
2024,380,Italy,0.5,t
