Year,Partner ID,Partner Name,Quantity,Unit
2020,0,World,5.017068,t
2020,484,Mexico,0.21439800000000003,t
2020,842,USA,4.80267,t
2021,0,World,29.287386,t
2021,842,USA,29.287386,t
2022,0,World,21.25791,t
2022,682,Saudi Arabia,8.42886,t
2022,842,USA,12.82905,t
2023,0,World,253.53531,t
2023,842,USA,253.53531,t
2024,0,World,8.891712,t
2024,372,Ireland,0.66951,t
2024,410,Rep. of Korea,0.07740000000000001,t
2024,842,USA,8.144802,t
