Year,Partner ID,Partner Name,Quantity,Unit
2024,0,World,0.013158000000000001,t
2024,598,Papua New Guinea,0.013158000000000001,t
