Year,Partner ID,Partner Name,Quantity,Unit
2020,0,World,154.8,t
2020,682,Saudi Arabia,154.8,t
2021,0,World,0.07740000000000001,t
2021,218,Ecuador,0.07740000000000001,t
2023,0,World,1.6989299999999998,t
2023,218,Ecuador,0.17028000000000001,t
2023,320,Guatemala,1.52865,t
2024,0,World,90.84825000000001,t
2024,320,Guatemala,2.322,t
2024,682,Saudi Arabia,27.864,t
2024,784,United Arab Emirates,60.6429,t
2024,862,Venezuela,0.019350000000000003,t
