Year,Partner ID,Partner Name,Quantity,Unit
2020,0,World,1.306512,t
2020,340,Honduras,1.306512,t
2021,0,World,0.49923,t
2021,320,Guatemala,0.0007740000000000001,t
2021,340,Honduras,0.498456,t
