Year,Partner ID,Partner Name,Quantity,Unit
2023,0,World,0.025542000000000002,t
2023,554,New Zealand,0.025542000000000002,t
