Year,Partner ID,Partner Name,Quantity,Unit
2020,0,World,16.522578000000003,t
2020,56,Belgium,16.522578000000003,t
2021,0,World,607.904244,t
2021,251,France,355.115844,t
2021,484,Mexico,252.78840000000002,t
2022,0,World,2531.240838,t
2022,56,Belgium,268.91856,t
2022,156,China,616.157406,t
2022,842,USA,1646.164872,t
2023,0,World,3556.187118,t
2023,56,Belgium,93.42954,t
2023,76,Brazil,15.49548,t
2023,156,China,636.7698,t
2023,842,USA,2810.492298,t
