Year,Partner ID,Partner Name,Quantity,Unit
2020,0,World,4.5176832000000005,t
2020,795,Turkmenistan,4.5176832000000005,t
