Year,Partner ID,Partner Name,Quantity,Unit
2020,0,World,1.5518699999999999,t
2020,214,Dominican Rep.,0.00387,t
2020,222,El Salvador,1.548,t
2021,0,World,15.992388,t
2021,188,Costa Rica,15.199038000000002,t
2021,340,Honduras,0.79335,t
2022,0,World,9.36927,t
2022,188,Costa Rica,9.36927,t
2023,0,World,8.666478,t
2023,222,El Salvador,4.7964780000000005,t
2023,340,Honduras,3.87,t
2024,0,World,0.411768,t
2024,222,El Salvador,0.411768,t
