Year,Partner ID,Partner Name,Quantity,Unit
2021,0,World,0.28483200000000003,t
2021,752,Sweden,0.2322,t
2021,826,United Kingdom,0.052632000000000005,t
2022,0,World,0.182664,t
2022,826,United Kingdom,0.10836000000000001,t
2022,842,USA,0.07430400000000001,t
2023,0,World,4.24152,t
2023,752,Sweden,0.18576,t
2023,826,United Kingdom,4.05576,t
2024,0,World,0.61533,t
2024,752,Sweden,0.32508,t
2024,826,United Kingdom,0.29025,t
