Year,Partner ID,Partner Name,Quantity,Unit
2020,0,World,3.059622,t
2020,360,Indonesia,3.051108,t
2020,842,USA,0.008513999999999999,t
2022,0,World,1.5639831000000002,t
2022,417,Kyrgyzstan,1.548,t
2022,842,USA,0.015983099999999924,t
2023,0,World,0.004953600000000001,t
2023,643,Russian Federation,0.004953600000000001,t
2024,0,World,3116.7212184,t
2024,643,Russian Federation,3116.7212184,t
