Year,Partner ID,Partner Name,Quantity,Unit
2020,0,World,13.49539434,t
2020,392,Japan,3.7926,t
2020,512,Oman,6.192,t
2020,634,Qatar,3.5107943399999995,t
2021,0,World,13.86447624,t
2021,96,Brunei Darussalam,3.54272184,t
2021,682,Saudi Arabia,10.3217544,t
2022,0,World,23.031765522,t
2022,699,India,23.031765522,t
2023,0,World,45.666000000000004,t
2023,710,South Africa,30.96,t
2023,784,United Arab Emirates,14.706,t
2024,0,World,15.48,t
2024,784,United Arab Emirates,15.48,t
