Year,Partner ID,Partner Name,Quantity,Unit
2023,0,World,100.000823994,t
2023,392,Japan,86.187313332,t
2023,566,Nigeria,13.813510662,t
