Year,Partner ID,Partner Name,Quantity,Unit
2020,0,World,7.23721734,t
2020,348,Hungary,0.00031734,t
2020,498,Rep. of Moldova,0.8901,t
2020,512,Oman,6.3468,t
2023,0,World,0.30960000000000004,t
2023,498,Rep. of Moldova,0.30960000000000004,t
2024,0,World,0.15480000000000002,t
2024,498,Rep. of Moldova,0.15480000000000002,t
