Year,Partner ID,Partner Name,Quantity,Unit
2020,0,World,2.58516,t
2020,48,Bahrain,2.58516,t
2023,0,World,72.79822557,t
2023,634,Qatar,34.649365428,t
2023,702,Singapore,35.566073226,t
2023,784,United Arab Emirates,2.58278769,t
2024,0,World,42.57,t
2024,784,United Arab Emirates,42.57,t
