Year,Partner ID,Partner Name,Quantity,Unit
2021,0,World,0.0030960000000000002,t
2021,270,Gambia,0.0015480000000000001,t
2021,324,Guinea,0.0015480000000000001,t
2022,0,World,0.0023220000000000003,t
2022,270,Gambia,0.0007740000000000001,t
2022,324,Guinea,0.0015480000000000001,t
2023,0,World,0.0007740000000000001,t
2023,324,Guinea,0.0007740000000000001,t
2024,0,World,0.0023220000000000003,t
2024,324,Guinea,0.0007740000000000001,t
2024,466,Mali,0.0015480000000000001,t
