Year,Partner ID,Partner Name,Quantity,Unit
2020,0,World,16.469831448,t
2020,710,South Africa,16.469831448,t
2022,0,World,2.077379622,t
2022,104,Myanmar,2.077379622,t
2023,0,World,32.263525908000005,t
2023,392,Japan,32.263525908000005,t
