Year,Partner ID,Partner Name,Quantity,Unit
2020,0,World,1.1109175560000002,t
2020,36,Australia,1.1109175560000002,t
2021,0,World,19.933663338,t
2021,579,Norway,10.836,t
2021,826,United Kingdom,9.097663338,t
2022,0,World,0.173490552,t
2022,579,Norway,0.086745276,t
2022,842,USA,0.086745276,t
2024,0,World,15.48,t
2024,860,Uzbekistan,15.48,t
