Year,Partner ID,Partner Name,Quantity,Unit
2020,0,World,11.175012,t
2020,56,Belgium,0.0007740000000000001,t
2020,251,France,10.996218,t
2020,276,Germany,0.14319,t
2020,380,Italy,0.029412,t
2020,616,Poland,0.005418,t
2021,0,World,0.016254,t
2021,276,Germany,0.006966,t
2021,376,Israel,0.009288000000000001,t
2022,0,World,1.548,t
2022,528,Netherlands,1.548,t
