Year,Partner ID,Partner Name,Quantity,Unit
2020,0,World,0.005418,t
2020,68,Bolivia (Plurinational State of),0.005418,t
2022,0,World,0.031734000000000005,t
2022,328,Guyana,0.031734000000000005,t
