Year,Partner ID,Partner Name,Quantity,Unit
2021,0,World,735.7644,t
2021,710,South Africa,735.7644,t
2022,0,World,2072.4004800000002,t
2022,699,India,726.0120000000001,t
2022,710,South Africa,650.90304,t
2022,842,USA,695.4854399999999,t
2023,0,World,754.04628,t
2023,699,India,743.21028,t
2023,710,South Africa,10.836,t
2024,0,World,135.45000000000002,t
2024,699,India,135.45000000000002,t
