Year,Partner ID,Partner Name,Quantity,Unit
2020,0,World,4.249056,t
2020,40,Austria,4.172,t
2020,643,Russian Federation,0.077056,t
2021,0,World,3.261664,t
2021,36,Australia,0.044800000000000006,t
2021,40,Austria,1.3832,t
2021,56,Belgium,0.99008,t
2021,616,Poland,0.045696,t
2021,643,Russian Federation,0.7978879999999999,t
