Year,Partner ID,Partner Name,Quantity,Unit
2020,0,World,0.6496448,t
2020,724,Spain,0.6496,t
2020,56,Belgium,4.4800000000000005e-05,t
2022,0,World,0.723186912,t
2022,724,Spain,0.723186912,t
