Year,Partner ID,Partner Name,Quantity,Unit
2020,0,World,0.073024,t
2020,484,Mexico,0.044800000000000006,t
2020,842,USA,0.028224,t
2022,0,World,1.5285804800000002,t
2022,484,Mexico,0.044800000000000006,t
2022,752,Sweden,0.099456,t
2022,842,USA,1.3843244800000003,t
2023,0,World,1.1039884800000002,t
2023,484,Mexico,0.07616,t
2023,842,USA,1.0278284800000002,t
2024,0,World,1.64198048,t
2024,156,China,0.01860096,t
2024,484,Mexico,0.112,t
2024,842,USA,1.5113795199999998,t
