Year,Partner ID,Partner Name,Quantity,Unit
2020,0,World,0.001792,t
2020,156,China,0.0015680000000000002,t
2020,826,United Kingdom,0.000224,t
2021,0,World,0.007465024000000001,t
2021,276,Germany,0.007465024000000001,t
2022,0,World,0.000448,t
2022,842,USA,0.000448,t
2023,0,World,0.000224,t
2023,124,Canada,0.000224,t
2024,0,World,0.0011200000000000001,t
2024,276,Germany,0.0011200000000000001,t
