Year,Partner ID,Partner Name,Quantity,Unit
2020,0,World,0.008960000000000001,t
2020,710,South Africa,0.008960000000000001,t
