Year,Partner ID,Partner Name,Quantity,Unit
2020,0,World,0.09519999999999999,t
2020,233,Estonia,0.011200000000000002,t
2020,616,Poland,0.022400000000000003,t
2020,752,Sweden,0.06160000000000001,t
2021,0,World,0.151424,t
2021,276,Germany,0.0013440000000000001,t
2021,616,Poland,0.07168000000000001,t
2021,752,Sweden,0.0784,t
2022,0,World,0.0022400000000000002,t
2022,276,Germany,0.0022400000000000002,t
