Year,Partner ID,Partner Name,Quantity,Unit
2021,0,World,0.0011200000000000001,t
2021,380,Italy,0.000224,t
2021,757,Switzerland,0.000896,t
2022,0,World,0.05488,t
2022,276,Germany,0.0011200000000000001,t
2022,380,Italy,0.05376,t
2024,0,World,0.000224,t
2024,842,USA,0.000224,t
