Year,Partner ID,Partner Name,Quantity,Unit
2020,0,World,0.003584,t
2020,56,Belgium,0.00336,t
2020,842,USA,0.000224,t
2021,0,World,0.0031360000000000003,t
2021,56,Belgium,0.0031360000000000003,t
2022,0,World,0.022176,t
2022,56,Belgium,0.0022400000000000002,t
2022,251,France,0.017696,t
2022,699,India,0.0022400000000000002,t
2024,0,World,0.102816,t
2024,56,Belgium,0.032256,t
2024,251,France,0.05936,t
2024,699,India,0.011200000000000002,t
