Year,Partner ID,Partner Name,Quantity,Unit
2020,0,World,0.025984,t
2020,710,South Africa,0.025984,t
2021,0,World,4.928,t
2021,716,Zimbabwe,4.928,t
2022,0,World,0.010843616,t
2022,56,Belgium,0.004571616,t
2022,710,South Africa,0.006272000000000001,t
2023,0,World,0.000448,t
2023,710,South Africa,0.000448,t
2024,0,World,0.010746175999999977,t
2024,710,South Africa,0.010746175999999977,t
