Year,Partner ID,Partner Name,Quantity,Unit
2020,0,World,0.18681599999999998,t
2020,699,India,0.18681599999999998,t
2021,0,World,0.51296,t
2021,699,India,0.51296,t
2022,0,World,0.098336,t
2022,699,India,0.098336,t
