Year,Partner ID,Partner Name,Quantity,Unit
2023,0,World,1.7701532800000002,t
2023,842,USA,1.7701532800000002,t
2024,0,World,0.0007392,t
2024,842,USA,0.0007392,t
