Year,Partner ID,Partner Name,Quantity,Unit
2020,0,World,0.72128,t
2020,156,China,0.72128,t
2022,0,World,0.022400000000000003,t
2022,699,India,0.022400000000000003,t
2023,0,World,0.5625536,t
2023,156,China,0.5621056000000001,t
2023,710,South Africa,0.000448,t
2024,0,World,0.09976959999999999,t
2024,699,India,0.0276416,t
2024,710,South Africa,0.072128,t
