Year,Partner ID,Partner Name,Quantity,Unit
2020,0,World,0.001684928,t
2020,699,India,0.001684928,t
2022,0,World,0.004928,t
2022,710,South Africa,0.004928,t
2024,0,World,0.0183008,t
2024,508,Mozambique,0.0183008,t
