Year,Partner ID,Partner Name,Quantity,Unit
2021,0,World,3.663704,t
2021,699,India,3.663704,t
2022,0,World,1.27032,t
2022,699,India,1.27032,t
2023,0,World,0.17971236000000002,t
2023,699,India,0.17971236000000002,t
