Year,Partner ID,Partner Name,Quantity,Unit
2020,0,World,9.627256000000001,t
2020,36,Australia,0.6636000000000001,t
2020,76,Brazil,1.6552080000000002,t
2020,643,Russian Federation,1.40936,t
2020,699,India,5.4352,t
2020,842,USA,0.463888,t
2021,0,World,3.0702559999999997,t
2021,76,Brazil,0.2528,t
2021,643,Russian Federation,1.417576,t
2021,699,India,1.3745999999999998,t
2021,842,USA,0.02528,t
