Year,Partner ID,Partner Name,Quantity,Unit
2020,0,World,0.0056879999999999995,t
2020,56,Belgium,0.0056879999999999995,t
2022,0,World,3.7288,t
2022,380,Italy,3.7288,t
