Year,Partner ID,Partner Name,Quantity,Unit
2020,0,World,42.9770744,t
2020,699,India,42.9770744,t
2021,0,World,31.3509288,t
2021,76,Brazil,1.0112,t
2021,699,India,30.3397288,t
2022,0,World,38.568432,t
2022,156,China,3.16,t
2022,699,India,33.512432000000004,t
2022,710,South Africa,1.896,t
2023,0,World,24.963601840000003,t
2023,156,China,2.8429066400000003,t
2023,699,India,22.1206952,t
2024,0,World,48.725936,t
2024,156,China,0.217408,t
2024,699,India,48.508528000000005,t
