Year,Partner ID,Partner Name,Quantity,Unit
2022,0,World,316.759032,t
2022,156,China,316.759032,t
2023,0,World,391.48292,t
2023,156,China,391.48292,t
