Year,Partner ID,Partner Name,Quantity,Unit
2022,0,World,1.93076,t
2022,410,Rep. of Korea,1.2671599999999998,t
2022,554,New Zealand,0.6636000000000001,t
2023,0,World,1.264,t
2023,410,Rep. of Korea,1.264,t
