Year,Partner ID,Partner Name,Quantity,Unit
2020,0,World,0.000632,t
2020,710,South Africa,0.000632,t
2024,0,World,12.728480000000001,t
2024,699,India,12.728480000000001,t
