Year,Partner ID,Partner Name,Quantity,Unit
2022,0,World,1.022131072,t
2022,376,Israel,1.022131072,t
2023,0,World,0.8725764880000001,t
2023,376,Israel,0.8725764880000001,t
