Year,Partner ID,Partner Name,Quantity,Unit
2024,0,World,0.10175073600000001,t
2024,662,Saint Lucia,0.099368096,t
2024,842,USA,0.00238264,t
