Year,Partner ID,Partner Name,Quantity,Unit
2020,0,World,0.00632,t
2020,276,Germany,0.005056,t
2020,842,USA,0.001264,t
2021,0,World,0.005372,t
2021,276,Germany,0.00474,t
2021,699,India,0.000632,t
2022,0,World,0.015168000000000001,t
2022,276,Germany,0.015168000000000001,t
2023,0,World,0.0033496,t
2023,156,China,0.0026544,t
2023,792,Türkiye,0.0006952000000000001,t
2024,0,World,0.000632,t
2024,251,France,0.000632,t
