Year,Partner ID,Partner Name,Quantity,Unit
2021,0,World,189.67584,t
2021,156,China,189.67584,t
2023,0,World,5.145112,t
2023,699,India,5.143216,t
2023,842,USA,0.0018960000000000001,t
2024,0,World,575.73936,t
2024,124,Canada,15.8,t
2024,528,Netherlands,6.32,t
2024,699,India,550.472,t
2024,842,USA,3.1473600000000004,t
