Year,Partner ID,Partner Name,Quantity,Unit
2020,0,World,9.15136,t
2020,156,China,9.15136,t
2024,0,World,0.25469600000000003,t
2024,156,China,0.077736,t
2024,392,Japan,0.17696,t
