Year,Partner ID,Partner Name,Quantity,Unit
2020,0,World,0.008848,t
2020,208,Denmark,0.006952,t
2020,826,United Kingdom,0.0018960000000000001,t
2021,0,World,0.005876968,t
2021,826,United Kingdom,0.005876968,t
2022,0,World,0.001264,t
2022,276,Germany,0.001264,t
