Year,Partner ID,Partner Name,Quantity,Unit
2020,0,World,0.22372799999999998,t
2020,251,France,0.22372799999999998,t
2023,0,World,4.390504,t
2023,251,France,4.07008,t
2023,699,India,0.320424,t
2024,0,World,0.393104,t
2024,699,India,0.393104,t
