Year,Partner ID,Partner Name,Quantity,Unit
2022,0,World,0.006950104,t
2022,699,India,0.006950104,t
2023,0,World,0.017084224000000002,t
2023,270,Gambia,0.0075372320000000005,t
2023,842,USA,0.009546992,t
2024,0,World,1.37898924,t
2024,842,USA,1.37898924,t
