Year,Partner ID,Partner Name,Quantity,Unit
2020,0,World,0.0014156799999999999,t
2020,56,Belgium,0.000316,t
2020,276,Germany,0.00109968,t
2021,0,World,0.008848,t
2021,792,Türkiye,0.008848,t
2024,0,World,0.00036656,t
2024,276,Germany,0.00036656,t
