Year,Partner ID,Partner Name,Quantity,Unit
2020,0,World,0.047587072,t
2020,842,USA,0.047587072,t
2022,0,World,0.003439976,t
2022,842,USA,0.003439976,t
2023,0,World,0.014906984,t
2023,842,USA,0.014906984,t
