Year,Partner ID,Partner Name,Quantity,Unit
2022,0,World,4.30392,t
2022,699,India,0.002528,t
2022,826,United Kingdom,0.0037920000000000002,t
2022,894,Zambia,4.2976,t
