Year,Partner ID,Partner Name,Quantity,Unit
2021,0,World,164.952,t
2021,156,China,164.952,t
2022,0,World,255.935984,t
2022,156,China,255.935984,t
2023,0,World,106.0812,t
2023,156,China,59.8188,t
2023,266,Gabon,46.2624,t
