Year,Partner ID,Partner Name,Quantity,Unit
2020,0,World,3.7425460000000004,t
2020,251,France,3.74144,t
2020,699,India,0.001106,t
2021,0,World,0.00533408,t
2021,56,Belgium,0.000632,t
2021,699,India,0.0018960000000000001,t
2021,826,United Kingdom,0.0028060800000000003,t
2022,0,World,0.888276,t
2022,76,Brazil,0.63516,t
2022,699,India,0.253116,t
2023,0,World,4.939938888,t
2023,699,India,0.9042870880000001,t
2023,842,USA,4.0356518,t
