Year,Partner ID,Partner Name,Quantity,Unit
2020,0,World,0.22119999999999998,t
2020,440,Lithuania,0.22119999999999998,t
2022,0,World,0.158632,t
2022,276,Germany,0.000632,t
2022,826,United Kingdom,0.158,t
2023,0,World,0.32864,t
2023,76,Brazil,0.32864,t
2024,0,World,0.017734552,t
2024,276,Germany,0.009136192,t
2024,842,USA,0.008598360000000001,t
