Year,Partner ID,Partner Name,Quantity,Unit
2020,0,World,64.14168,t
2020,699,India,64.14168,t
2021,0,World,148.734248,t
2021,699,India,148.734248,t
2022,0,World,95.26199199999999,t
2022,699,India,95.26199199999999,t
