Year,Partner ID,Partner Name,Quantity,Unit
2022,0,World,75.62828,t
2022,156,China,75.60932000000001,t
2022,724,Spain,0.01896,t
2023,0,World,24.147456,t
2023,156,China,23.515456,t
2023,792,Türkiye,0.632,t
2024,0,World,43.827304,t
2024,156,China,43.823511999999994,t
2024,392,Japan,0.00316,t
2024,842,USA,0.000632,t
