Year,Partner ID,Partner Name,Quantity,Unit
2021,0,World,1.264,t
2021,156,China,0.948,t
2021,826,United Kingdom,0.316,t
2023,0,World,0.611522568,t
2023,76,Brazil,0.411533752,t
2023,156,China,0.199988184,t
2024,0,World,2.74150856,t
2024,156,China,0.9816938160000002,t
2024,804,Ukraine,1.759814744,t
