Year,Partner ID,Partner Name,Quantity,Unit
2020,0,World,0.07584,t
2020,710,South Africa,0.07584,t
2021,0,World,15.168,t
2021,710,South Africa,15.168,t
2022,0,World,0.015168000000000001,t
2022,710,South Africa,0.015168000000000001,t
2023,0,World,0.019592000000000002,t
2023,710,South Africa,0.019592000000000002,t
