Year,Partner ID,Partner Name,Quantity,Unit
2020,0,World,17.696632,t
2020,276,Germany,0.000632,t
2020,300,Greece,1.896,t
2020,699,India,15.8,t
2021,0,World,1.6432,t
2021,251,France,0.001264,t
2021,528,Netherlands,0.36213599999999996,t
2021,724,Spain,0.0158,t
2021,804,Ukraine,1.264,t
2022,0,World,9.48,t
2022,251,France,9.48,t
2023,0,World,0.001264,t
2023,699,India,0.001264,t
