Year,Partner ID,Partner Name,Quantity,Unit
2020,0,World,1.193848,t
2020,724,Spain,0.0158,t
2020,842,USA,1.178048,t
2022,0,World,10.776864,t
2022,842,USA,10.776864,t
