Year,Partner ID,Partner Name,Quantity,Unit
2020,0,World,0.43009200000000003,t
2020,699,India,0.43009200000000003,t
