Year,Partner ID,Partner Name,Quantity,Unit
2020,0,World,3.4987984200000004,t
2020,616,Poland,0.066168,t
2020,643,Russian Federation,3.4326304200000006,t
2021,0,World,5.21536176,t
2021,156,China,0.20263950000000003,t
2021,440,Lithuania,0.00099252,t
2021,643,Russian Federation,4.91347026,t
2021,826,United Kingdom,0.09511649999999999,t
2021,842,USA,0.00314298,t
