Year,Partner ID,Partner Name,Quantity,Unit
2021,0,World,0.00016542000000000003,t
2021,826,United Kingdom,0.00016542000000000003,t
