Year,Partner ID,Partner Name,Quantity,Unit
2020,0,World,0.16542,t
2020,156,China,0.16542,t
2021,0,World,0.08271,t
2021,156,China,0.08271,t
2022,0,World,0.041355,t
2022,643,Russian Federation,0.041355,t
2023,0,World,0.24813000000000002,t
2023,643,Russian Federation,0.24813000000000002,t
