Year,Partner ID,Partner Name,Quantity,Unit
2021,0,World,0.023767711020000002,t
2021,699,India,0.023767711020000002,t
