Year,Partner ID,Partner Name,Quantity,Unit
2022,0,World,4.1355000000000006e-05,t
2022,156,China,4.1355000000000006e-05,t
