Year,Partner ID,Partner Name,Quantity,Unit
2020,0,World,0.0006616800000000001,t
2020,56,Belgium,0.0006616800000000001,t
2021,0,World,0.00016542000000000003,t
2021,56,Belgium,0.00016542000000000003,t
2022,0,World,0.00033084000000000005,t
2022,568,"Other Europe, nes",0.00033084000000000005,t
2023,0,World,0.000794016,t
2023,276,Germany,0.000794016,t
