Year,Partner ID,Partner Name,Quantity,Unit
2022,0,World,0.006426567000000001,t
2022,699,India,0.006426567000000001,t
