Year,Partner ID,Partner Name,Quantity,Unit
2023,0,World,0.00016542000000000003,t
2023,826,United Kingdom,0.00016542000000000003,t
2024,0,World,0.0006616800000000001,t
2024,40,Austria,0.00033084000000000005,t
2024,56,Belgium,0.00016542000000000003,t
2024,276,Germany,0.00016542000000000003,t
