Year,Partner ID,Partner Name,Quantity,Unit
2022,0,World,0.0006616800000000001,t
2022,699,India,0.0006616800000000001,t
