Year,Partner ID,Partner Name,Quantity,Unit
2022,0,World,0.00297756,t
2022,380,Italy,0.0028121400000000003,t
2022,710,South Africa,0.00016542000000000003,t
