Year,Partner ID,Partner Name,Quantity,Unit
2020,0,World,0.92916414,t
2020,699,India,0.59832414,t
2020,156,China,0.33084,t
2021,0,World,2.2421026800000003,t
2021,699,India,2.2421026800000003,t
2022,0,World,0.20677500000000001,t
2022,699,India,0.20677500000000001,t
