Year,Partner ID,Partner Name,Quantity,Unit
2022,0,World,6.4207773,t
2022,156,China,6.36254946,t
2022,410,Rep. of Korea,0.057897,t
2022,842,USA,0.00033084000000000005,t
2023,0,World,6.6148037114400005,t
2023,156,China,6.161895,t
2023,410,Rep. of Korea,0.039358711439999985,t
2023,784,United Arab Emirates,0.08271,t
2023,826,United Kingdom,0.33084,t
2024,0,World,2.9560554000000003,t
2024,156,China,2.7906354,t
2024,784,United Arab Emirates,0.16542,t
