Year,Partner ID,Partner Name,Quantity,Unit
2021,0,World,0.0,
2021,276,Germany,0.0,
2023,0,World,1.6542000000000002e-05,t
2023,705,Slovenia,1.6542000000000002e-05,t
2024,0,World,0.00018196200000000003,t
2024,276,Germany,0.00018196200000000003,t
