Year,Partner ID,Partner Name,Quantity,Unit
2020,0,World,0.00016542000000000003,t
2020,156,China,0.00016542000000000003,t
2022,0,World,0.00016542000000000003,t
2022,710,South Africa,0.00016542000000000003,t
