Year,Partner ID,Partner Name,Quantity,Unit
2020,0,World,0.016542,t
2020,710,South Africa,0.016542,t
2023,0,World,0.0033084000000000004,t
2023,710,South Africa,0.0033084000000000004,t
