Year,Partner ID,Partner Name,Quantity,Unit
2020,0,World,0.005880019320000001,t
2020,156,China,0.0041818176,t
2020,554,New Zealand,0.0016982017200000003,t
2021,0,World,0.011940346440000001,t
2021,554,New Zealand,0.011940346440000001,t
