Year,Partner ID,Partner Name,Quantity,Unit
2020,0,World,1.11122555742,t
2020,699,India,0.16256617416,t
2020,710,South Africa,0.9486593832600001,t
2022,0,World,0.12406500000000001,t
2022,710,South Africa,0.12406500000000001,t
2023,0,World,0.33084,t
2023,56,Belgium,0.132336,t
2023,842,USA,0.198504,t
2024,0,World,0.5298402600000001,t
2024,56,Belgium,0.033084,t
2024,643,Russian Federation,0.49626000000000003,t
2024,710,South Africa,0.00049626,t
