Year,Partner ID,Partner Name,Quantity,Unit
2021,0,World,252.11860704000003,t
2021,458,Malaysia,31.514495040000003,t
2021,704,Viet Nam,220.604112,t
2022,0,World,34.7382,t
2022,458,Malaysia,34.7382,t
2023,0,World,27.922896000000005,t
2023,458,Malaysia,27.922896000000005,t
