Year,Partner ID,Partner Name,Quantity,Unit
2020,0,World,0.01805,t
2020,724,Spain,0.00181,t
2020,620,Portugal,0.01624,t
2021,0,World,0.046020000000000005,t
2021,380,Italy,0.04425,t
2021,620,Portugal,2e-05,t
2021,724,Spain,0.0017499999999999998,t
2022,0,World,0.008020000000000001,t
2022,620,Portugal,0.008020000000000001,t
2023,0,World,0.0001,t
2023,620,Portugal,0.0001,t
2024,0,World,0.00027,t
2024,579,Norway,0.00027,t
