Year,Partner ID,Partner Name,Quantity,Unit
2020,0,World,0.08156000000000001,t
2020,710,South Africa,0.08156000000000001,t
2021,0,World,0.00027,t
2021,710,South Africa,0.00027,t
2022,0,World,0.026840000000000003,t
2022,710,South Africa,0.026840000000000003,t
2023,0,World,0.00243,t
2023,710,South Africa,0.00243,t
2024,0,World,0.020846100000000003,t
2024,710,South Africa,0.020846100000000003,t
