Year,Partner ID,Partner Name,Quantity,Unit
2020,0,World,3.38164,t
2020,699,India,3.3056400000000004,t
2020,156,China,0.061,t
2020,276,Germany,0.015,t
2021,0,World,4.49349,t
2021,203,Czechia,0.027000000000000003,t
2021,699,India,4.42349,t
2021,702,Singapore,0.043,t
2022,0,World,4.757259220000001,t
2022,528,Netherlands,0.00118728,t
2022,699,India,4.70775,t
2022,702,Singapore,0.0475,t
2022,757,Switzerland,0.00028693,t
2022,842,USA,0.00053501,t
