Year,Partner ID,Partner Name,Quantity,Unit
2020,0,World,0.020559440000000002,t
2020,842,USA,0.002,t
2020,528,Netherlands,0.00155944,t
2020,458,Malaysia,0.017,t
