Year,Partner ID,Partner Name,Quantity,Unit
2020,0,World,0.00474,t
2020,156,China,0.00474,t
2021,0,World,5.90395,t
2021,643,Russian Federation,0.01,t
2021,752,Sweden,5.8636800000000004,t
2021,792,Türkiye,0.03,t
2021,251,France,0.00027,t
2022,0,World,0.00124,t
2022,699,India,0.00086,t
2022,251,France,0.00038,t
2023,0,World,0.00086,t
2023,404,Kenya,0.00086,t
2024,0,World,0.00016,t
2024,251,France,0.00016,t
