Year,Partner ID,Partner Name,Quantity,Unit
2020,0,World,0.02414,t
2020,842,USA,0.02414,t
2021,0,World,0.00388,t
2021,842,USA,0.00388,t
2022,0,World,0.00265,t
2022,842,USA,0.00265,t
2023,0,World,0.005018399999999999,t
2023,124,Canada,0.0006184,t
2023,842,USA,0.0044,t
2024,0,World,0.01658,t
2024,842,USA,0.01658,t
