Year,Partner ID,Partner Name,Quantity,Unit
2020,0,World,1.19841,t
2020,156,China,1.18841,t
2020,384,Côte d'Ivoire,0.01,t
2021,0,World,1.17624,t
2021,156,China,1.17624,t
2022,0,World,0.20774,t
2022,156,China,0.19774000000000003,t
2022,384,Côte d'Ivoire,0.01,t
